"scenario","runtime","repetition","connections","duration_seconds","warmup_seconds","latency_avg_ms","latency_p50_ms","latency_p97_5_ms","latency_p99_ms","latency_stddev_ms","latency_max_ms","requests_avg_sec","requests_total","throughput_avg_bps","responses_2xx","responses_non2xx","errors","timeouts","cpu_avg_percent","memory_avg_mib","memory_max_mib","docker_stats_samples","autocannon_file","docker_stats_file"
"simple","node","1","100","30","5","4,18","4","8","9","1,68","69","21332,27","639950","3498427,74","639950","0","0","0","79,569","38,949","39,22","14","C:\Users\Miha\Namizje\DiplomaBenchmark\results\20260904_052953\autocannon\simple_node_run1.json","C:\Users\Miha\Namizje\DiplomaBenchmark\results\20260904_052953\docker-stats\simple_node_run1.csv"
"simple","bun","1","100","30","5","4,57","4","9","10","1,68","69","19747,07","592440","3218978,14","592440","0","0","0","73,869","51,544","58,81","14","C:\Users\Miha\Namizje\DiplomaBenchmark\results\20260904_052953\autocannon\simple_bun_run1.json","C:\Users\Miha\Namizje\DiplomaBenchmark\results\20260904_052953\docker-stats\simple_bun_run1.csv"
"simple","bun","2","100","30","5","4,2","4","9","10","1,73","63","21212,67","636330","3457604,27","636330","0","0","0","72,753","52,009","59,39","14","C:\Users\Miha\Namizje\DiplomaBenchmark\results\20260904_052953\autocannon\simple_bun_run2.json","C:\Users\Miha\Namizje\DiplomaBenchmark\results\20260904_052953\docker-stats\simple_bun_run2.csv"
"simple","node","2","100","30","5","4,01","4","8","9","1,62","71","22132,27","663939","3629397,34","663939","0","0","0","79,68","40,885","41,07","14","C:\Users\Miha\Namizje\DiplomaBenchmark\results\20260904_052953\autocannon\simple_node_run2.json","C:\Users\Miha\Namizje\DiplomaBenchmark\results\20260904_052953\docker-stats\simple_node_run2.csv"
"simple","node","3","100","30","5","3,99","4","8","9","1,61","64","22185,07","665521","3638237,87","665521","0","0","0","77,922","40,955","41,18","14","C:\Users\Miha\Namizje\DiplomaBenchmark\results\20260904_052953\autocannon\simple_node_run3.json","C:\Users\Miha\Namizje\DiplomaBenchmark\results\20260904_052953\docker-stats\simple_node_run3.csv"
"simple","bun","3","100","30","5","4,06","4","9","10","1,66","60","21841,07","655257","3560174,94","655257","0","0","0","72,694","51,859","58,97","14","C:\Users\Miha\Namizje\DiplomaBenchmark\results\20260904_052953\autocannon\simple_bun_run3.json","C:\Users\Miha\Namizje\DiplomaBenchmark\results\20260904_052953\docker-stats\simple_bun_run3.csv"
"simple","bun","4","100","30","5","4,52","4","9","10","1,58","58","20012,27","600343","3262054,4","600343","0","0","0","74,089","51,752","59,43","14","C:\Users\Miha\Namizje\DiplomaBenchmark\results\20260904_052953\autocannon\simple_bun_run4.json","C:\Users\Miha\Namizje\DiplomaBenchmark\results\20260904_052953\docker-stats\simple_bun_run4.csv"
"simple","node","4","100","30","5","4,36","4","8","10","1,65","71","20638,41","619158","3384729,6","619158","0","0","0","77,969","41,364","41,75","14","C:\Users\Miha\Namizje\DiplomaBenchmark\results\20260904_052953\autocannon\simple_node_run4.json","C:\Users\Miha\Namizje\DiplomaBenchmark\results\20260904_052953\docker-stats\simple_node_run4.csv"
"simple","node","5","100","30","5","4,81","4","9","10","1,9","85","18891,74","566723","3097941,34","566723","0","0","0","71,767","41,739","41,95","14","C:\Users\Miha\Namizje\DiplomaBenchmark\results\20260904_052953\autocannon\simple_node_run5.json","C:\Users\Miha\Namizje\DiplomaBenchmark\results\20260904_052953\docker-stats\simple_node_run5.csv"
"simple","bun","5","100","30","5","4,28","4","8","9","1,56","77","20910,41","627315","3408452,27","627315","0","0","0","73,765","52,286","58,94","14","C:\Users\Miha\Namizje\DiplomaBenchmark\results\20260904_052953\autocannon\simple_bun_run5.json","C:\Users\Miha\Namizje\DiplomaBenchmark\results\20260904_052953\docker-stats\simple_bun_run5.csv"
"simple","bun","6","100","30","5","4,1","4","9","10","1,67","64","21625,07","648738","3524846,94","648738","0","0","0","73,138","52,629","59,61","14","C:\Users\Miha\Namizje\DiplomaBenchmark\results\20260904_052953\autocannon\simple_bun_run6.json","C:\Users\Miha\Namizje\DiplomaBenchmark\results\20260904_052953\docker-stats\simple_bun_run6.csv"
"simple","node","6","100","30","5","3,98","4","8","9","1,59","61","22279,47","668414","3654075,74","668414","0","0","0","76,823","41,085","41,23","14","C:\Users\Miha\Namizje\DiplomaBenchmark\results\20260904_052953\autocannon\simple_node_run6.json","C:\Users\Miha\Namizje\DiplomaBenchmark\results\20260904_052953\docker-stats\simple_node_run6.csv"
"simple","node","7","100","30","5","4,09","4","8","9","1,67","71","21724,27","651714","3562632,54","651714","0","0","0","77,459","41,421","41,8","14","C:\Users\Miha\Namizje\DiplomaBenchmark\results\20260904_052953\autocannon\simple_node_run7.json","C:\Users\Miha\Namizje\DiplomaBenchmark\results\20260904_052953\docker-stats\simple_node_run7.csv"
"simple","bun","7","100","30","5","4,12","4","9","10","1,73","59","21523,2","645673","3508292,27","645673","0","0","0","73,151","52,891","60,53","14","C:\Users\Miha\Namizje\DiplomaBenchmark\results\20260904_052953\autocannon\simple_bun_run7.json","C:\Users\Miha\Namizje\DiplomaBenchmark\results\20260904_052953\docker-stats\simple_bun_run7.csv"
"simple","bun","8","100","30","5","4,19","4","9","10","1,7","68","21219,74","636590","3459106,14","636590","0","0","0","73,515","52,625","58,9","14","C:\Users\Miha\Namizje\DiplomaBenchmark\results\20260904_052953\autocannon\simple_bun_run8.json","C:\Users\Miha\Namizje\DiplomaBenchmark\results\20260904_052953\docker-stats\simple_bun_run8.csv"
"simple","node","8","100","30","5","4,06","4","8","9","1,66","61","21885,87","656574","3589256,54","656574","0","0","0","76,604","40,805","40,89","14","C:\Users\Miha\Namizje\DiplomaBenchmark\results\20260904_052953\autocannon\simple_node_run8.json","C:\Users\Miha\Namizje\DiplomaBenchmark\results\20260904_052953\docker-stats\simple_node_run8.csv"
"simple","node","9","100","30","5","4,04","4","8","9","1,61","64","21979,74","659341","3604445,87","659341","0","0","0","78,112","42,577","42,73","14","C:\Users\Miha\Namizje\DiplomaBenchmark\results\20260904_052953\autocannon\simple_node_run9.json","C:\Users\Miha\Namizje\DiplomaBenchmark\results\20260904_052953\docker-stats\simple_node_run9.csv"
"simple","bun","9","100","30","5","4","3","9","10","1,69","64","22099,74","662940","3601954,14","662940","0","0","0","75,558","52,306","59,28","14","C:\Users\Miha\Namizje\DiplomaBenchmark\results\20260904_052953\autocannon\simple_bun_run9.json","C:\Users\Miha\Namizje\DiplomaBenchmark\results\20260904_052953\docker-stats\simple_bun_run9.csv"
"simple","bun","10","100","30","5","4,05","4","9","10","1,67","61","21865,07","655959","3564168,54","655959","0","0","0","74,121","51,955","59,3","14","C:\Users\Miha\Namizje\DiplomaBenchmark\results\20260904_052953\autocannon\simple_bun_run10.json","C:\Users\Miha\Namizje\DiplomaBenchmark\results\20260904_052953\docker-stats\simple_bun_run10.csv"
"simple","node","10","100","30","5","3,97","4","8","9","1,59","73","22284,8","668512","3654485,34","668512","0","0","0","78,159","40,549","40,77","14","C:\Users\Miha\Namizje\DiplomaBenchmark\results\20260904_052953\autocannon\simple_node_run10.json","C:\Users\Miha\Namizje\DiplomaBenchmark\results\20260904_052953\docker-stats\simple_node_run10.csv"
"simple","node","11","100","30","5","4,15","4","9","9","1,72","75","21436,8","643069","3515392","643069","0","0","0","74,901","41,484","41,8","14","C:\Users\Miha\Namizje\DiplomaBenchmark\results\20260904_052953\autocannon\simple_node_run11.json","C:\Users\Miha\Namizje\DiplomaBenchmark\results\20260904_052953\docker-stats\simple_node_run11.csv"
"simple","bun","11","100","30","5","4,18","4","9","10","1,69","61","21310,94","639288","3473476,27","639288","0","0","0","74,282","52,62","60","14","C:\Users\Miha\Namizje\DiplomaBenchmark\results\20260904_052953\autocannon\simple_bun_run11.json","C:\Users\Miha\Namizje\DiplomaBenchmark\results\20260904_052953\docker-stats\simple_bun_run11.csv"
"simple","bun","12","100","30","5","4,12","4","9","10","1,74","62","21521,07","645576","3507473,07","645576","0","0","0","72,9","52,081","59,2","14","C:\Users\Miha\Namizje\DiplomaBenchmark\results\20260904_052953\autocannon\simple_bun_run12.json","C:\Users\Miha\Namizje\DiplomaBenchmark\results\20260904_052953\docker-stats\simple_bun_run12.csv"
"simple","node","12","100","30","5","4,07","4","8","9","1,66","67","21824","654713","3579084,8","654713","0","0","0","77,027","41,492","41,72","14","C:\Users\Miha\Namizje\DiplomaBenchmark\results\20260904_052953\autocannon\simple_node_run12.json","C:\Users\Miha\Namizje\DiplomaBenchmark\results\20260904_052953\docker-stats\simple_node_run12.csv"
"simple","node","13","100","30","5","4,08","4","8","9","1,7","67","21802,67","654047","3575466,67","654047","0","0","0","76,239","41,744","42,21","14","C:\Users\Miha\Namizje\DiplomaBenchmark\results\20260904_052953\autocannon\simple_node_run13.json","C:\Users\Miha\Namizje\DiplomaBenchmark\results\20260904_052953\docker-stats\simple_node_run13.csv"
"simple","bun","13","100","30","5","4,05","3","9","10","1,68","59","21885,34","656531","3567206,4","656531","0","0","0","72,861","52,174","59,39","14","C:\Users\Miha\Namizje\DiplomaBenchmark\results\20260904_052953\autocannon\simple_bun_run13.json","C:\Users\Miha\Namizje\DiplomaBenchmark\results\20260904_052953\docker-stats\simple_bun_run13.csv"
"simple","bun","14","100","30","5","4,04","4","9","9","1,64","64","21928,54","657847","3574306,14","657847","0","0","0","74,731","52,697","58,97","14","C:\Users\Miha\Namizje\DiplomaBenchmark\results\20260904_052953\autocannon\simple_bun_run14.json","C:\Users\Miha\Namizje\DiplomaBenchmark\results\20260904_052953\docker-stats\simple_bun_run14.csv"
"simple","node","14","100","30","5","4,1","4","8","9","1,65","64","21722,67","651641","3562222,94","651641","0","0","0","75,551","41,254","41,54","14","C:\Users\Miha\Namizje\DiplomaBenchmark\results\20260904_052953\autocannon\simple_node_run14.json","C:\Users\Miha\Namizje\DiplomaBenchmark\results\20260904_052953\docker-stats\simple_node_run14.csv"
"simple","node","15","100","30","5","4,07","4","8","9","1,65","72","21820,27","654593","3578606,94","654593","0","0","0","76,853","41,114","41,49","14","C:\Users\Miha\Namizje\DiplomaBenchmark\results\20260904_052953\autocannon\simple_node_run15.json","C:\Users\Miha\Namizje\DiplomaBenchmark\results\20260904_052953\docker-stats\simple_node_run15.csv"
"simple","bun","15","100","30","5","4,12","4","9","10","1,74","59","21536,54","646119","3510647,47","646119","0","0","0","73,166","52,251","59,04","14","C:\Users\Miha\Namizje\DiplomaBenchmark\results\20260904_052953\autocannon\simple_bun_run15.json","C:\Users\Miha\Namizje\DiplomaBenchmark\results\20260904_052953\docker-stats\simple_bun_run15.csv"
"simple","bun","16","100","30","5","4,16","4","9","10","1,73","62","21362,14","640904","3482043,74","640904","0","0","0","73,178","51,795","59","14","C:\Users\Miha\Namizje\DiplomaBenchmark\results\20260904_052953\autocannon\simple_bun_run16.json","C:\Users\Miha\Namizje\DiplomaBenchmark\results\20260904_052953\docker-stats\simple_bun_run16.csv"
"simple","node","16","100","30","5","4,03","4","8","9","1,65","68","22009,6","660258","3609190,4","660258","0","0","0","76,484","41,104","41,31","14","C:\Users\Miha\Namizje\DiplomaBenchmark\results\20260904_052953\autocannon\simple_node_run16.json","C:\Users\Miha\Namizje\DiplomaBenchmark\results\20260904_052953\docker-stats\simple_node_run16.csv"
"simple","node","17","100","30","5","4,09","4","8","9","1,66","63","21725,34","651760","3562905,6","651760","0","0","0","76,396","41,641","41,86","14","C:\Users\Miha\Namizje\DiplomaBenchmark\results\20260904_052953\autocannon\simple_node_run17.json","C:\Users\Miha\Namizje\DiplomaBenchmark\results\20260904_052953\docker-stats\simple_node_run17.csv"
"simple","bun","17","100","30","5","3,94","3","8","9","1,66","64","22364,8","670933","3645440","670933","0","0","0","74,709","51,92","59,29","14","C:\Users\Miha\Namizje\DiplomaBenchmark\results\20260904_052953\autocannon\simple_bun_run17.json","C:\Users\Miha\Namizje\DiplomaBenchmark\results\20260904_052953\docker-stats\simple_bun_run17.csv"
"simple","bun","18","100","30","5","4,17","4","9","10","1,74","63","21283,2","638475","3469073,07","638475","0","0","0","72,892","52,911","59,83","14","C:\Users\Miha\Namizje\DiplomaBenchmark\results\20260904_052953\autocannon\simple_bun_run18.json","C:\Users\Miha\Namizje\DiplomaBenchmark\results\20260904_052953\docker-stats\simple_bun_run18.csv"
"simple","node","18","100","30","5","4,09","4","8","9","1,65","65","21746,14","652352","3566318,94","652352","0","0","0","76,031","40,982","41,31","14","C:\Users\Miha\Namizje\DiplomaBenchmark\results\20260904_052953\autocannon\simple_node_run18.json","C:\Users\Miha\Namizje\DiplomaBenchmark\results\20260904_052953\docker-stats\simple_node_run18.csv"
"simple","node","19","100","30","5","4,01","4","8","9","1,67","67","22106,67","663177","3625267,2","663177","0","0","0","75,6","41,354","41,7","14","C:\Users\Miha\Namizje\DiplomaBenchmark\results\20260904_052953\autocannon\simple_node_run19.json","C:\Users\Miha\Namizje\DiplomaBenchmark\results\20260904_052953\docker-stats\simple_node_run19.csv"
"simple","bun","19","100","30","5","4,08","4","9","9","1,67","64","21737,6","652080","3542835,2","652080","0","0","0","74,606","53,046","59,73","14","C:\Users\Miha\Namizje\DiplomaBenchmark\results\20260904_052953\autocannon\simple_bun_run19.json","C:\Users\Miha\Namizje\DiplomaBenchmark\results\20260904_052953\docker-stats\simple_bun_run19.csv"
"simple","bun","20","100","30","5","4,14","4","9","10","1,73","63","21437,87","643124","3494297,6","643124","0","0","0","73,564","52,159","58,91","14","C:\Users\Miha\Namizje\DiplomaBenchmark\results\20260904_052953\autocannon\simple_bun_run20.json","C:\Users\Miha\Namizje\DiplomaBenchmark\results\20260904_052953\docker-stats\simple_bun_run20.csv"
"simple","node","20","100","30","5","4,06","4","8","9","1,66","65","21913,07","657385","3593728","657385","0","0","0","76,873","41,432","41,62","14","C:\Users\Miha\Namizje\DiplomaBenchmark\results\20260904_052953\autocannon\simple_node_run20.json","C:\Users\Miha\Namizje\DiplomaBenchmark\results\20260904_052953\docker-stats\simple_node_run20.csv"
"simple","node","21","100","30","5","3,99","4","8","9","1,6","70","22185,07","665535","3638340,27","665535","0","0","0","77,446","41,692","42,04","14","C:\Users\Miha\Namizje\DiplomaBenchmark\results\20260904_052953\autocannon\simple_node_run21.json","C:\Users\Miha\Namizje\DiplomaBenchmark\results\20260904_052953\docker-stats\simple_node_run21.csv"
"simple","bun","21","100","30","5","4,09","4","9","10","1,69","66","21689,07","650629","3534984,54","650629","0","0","0","73,892","53,201","59,99","14","C:\Users\Miha\Namizje\DiplomaBenchmark\results\20260904_052953\autocannon\simple_bun_run21.json","C:\Users\Miha\Namizje\DiplomaBenchmark\results\20260904_052953\docker-stats\simple_bun_run21.csv"
"simple","bun","22","100","30","5","4,02","3","9","9","1,67","65","21986,67","659621","3584000","659621","0","0","0","74,73","52,23","58,6","14","C:\Users\Miha\Namizje\DiplomaBenchmark\results\20260904_052953\autocannon\simple_bun_run22.json","C:\Users\Miha\Namizje\DiplomaBenchmark\results\20260904_052953\docker-stats\simple_bun_run22.csv"
"simple","node","22","100","30","5","4,02","4","8","9","1,67","63","22060,27","661832","3618099,2","661832","0","0","0","76,655","41,073","41,27","14","C:\Users\Miha\Namizje\DiplomaBenchmark\results\20260904_052953\autocannon\simple_node_run22.json","C:\Users\Miha\Namizje\DiplomaBenchmark\results\20260904_052953\docker-stats\simple_node_run22.csv"
"simple","node","23","100","30","5","4,08","4","8","9","1,67","76","21787,74","653631","3573145,6","653631","0","0","0","76,109","40,984","41,55","14","C:\Users\Miha\Namizje\DiplomaBenchmark\results\20260904_052953\autocannon\simple_node_run23.json","C:\Users\Miha\Namizje\DiplomaBenchmark\results\20260904_052953\docker-stats\simple_node_run23.csv"
"simple","bun","23","100","30","5","4,13","4","9","10","1,72","61","21516,27","645477","3507029,34","645477","0","0","0","74,094","51,213","58,08","14","C:\Users\Miha\Namizje\DiplomaBenchmark\results\20260904_052953\autocannon\simple_bun_run23.json","C:\Users\Miha\Namizje\DiplomaBenchmark\results\20260904_052953\docker-stats\simple_bun_run23.csv"
"simple","bun","24","100","30","5","4,21","4","9","10","1,75","69","21152,54","634557","3447944,54","634557","0","0","0","73,74","52,586","59,68","14","C:\Users\Miha\Namizje\DiplomaBenchmark\results\20260904_052953\autocannon\simple_bun_run24.json","C:\Users\Miha\Namizje\DiplomaBenchmark\results\20260904_052953\docker-stats\simple_bun_run24.csv"
"simple","node","24","100","30","5","3,95","4","8","9","1,57","65","22416","672454","3676091,74","672454","0","0","0","78,993","41,396","41,81","14","C:\Users\Miha\Namizje\DiplomaBenchmark\results\20260904_052953\autocannon\simple_node_run24.json","C:\Users\Miha\Namizje\DiplomaBenchmark\results\20260904_052953\docker-stats\simple_node_run24.csv"
"simple","node","25","100","30","5","3,96","4","8","9","1,6","66","22367,47","671034","3668275,2","671034","0","0","0","78,369","41,121","41,31","14","C:\Users\Miha\Namizje\DiplomaBenchmark\results\20260904_052953\autocannon\simple_node_run25.json","C:\Users\Miha\Namizje\DiplomaBenchmark\results\20260904_052953\docker-stats\simple_node_run25.csv"
"simple","bun","25","100","30","5","3,99","3","8","9","1,63","64","22136","664101","3608473,6","664101","0","0","0","74,413","52,884","59,61","14","C:\Users\Miha\Namizje\DiplomaBenchmark\results\20260904_052953\autocannon\simple_bun_run25.json","C:\Users\Miha\Namizje\DiplomaBenchmark\results\20260904_052953\docker-stats\simple_bun_run25.csv"
"compute","node","1","10","30","5","982,21","898","1811","2125","417,04","4514","10,07","302","2255,9","302","0","0","0","95,213","45,835","51,92","14","C:\Users\Miha\Namizje\DiplomaBenchmark\results\20260904_052953\autocannon\compute_node_run1.json","C:\Users\Miha\Namizje\DiplomaBenchmark\results\20260904_052953\docker-stats\compute_node_run1.csv"
"compute","bun","1","10","30","5","702,69","695","1334","1373","154,84","1404","14,17","425","3146","425","0","0","0","93,295","41,483","45,48","14","C:\Users\Miha\Namizje\DiplomaBenchmark\results\20260904_052953\autocannon\compute_bun_run1.json","C:\Users\Miha\Namizje\DiplomaBenchmark\results\20260904_052953\docker-stats\compute_bun_run1.csv"
"compute","bun","2","10","30","5","695,41","697","1329","1334","144,22","1347","14,34","430","3183","430","0","0","0","93,544","43,641","45,52","14","C:\Users\Miha\Namizje\DiplomaBenchmark\results\20260904_052953\autocannon\compute_bun_run2.json","C:\Users\Miha\Namizje\DiplomaBenchmark\results\20260904_052953\docker-stats\compute_bun_run2.csv"
"compute","node","2","10","30","5","974,15","890","1797","1802","347,02","3592","10,17","305","2278,31","305","0","0","0","94,759","46,127","53,24","14","C:\Users\Miha\Namizje\DiplomaBenchmark\results\20260904_052953\autocannon\compute_node_run2.json","C:\Users\Miha\Namizje\DiplomaBenchmark\results\20260904_052953\docker-stats\compute_node_run2.csv"
"compute","node","3","10","30","5","978,88","891","1801","1912","399,7","4321","10,14","304","2270,81","304","0","0","0","95,154","44,963","51,95","14","C:\Users\Miha\Namizje\DiplomaBenchmark\results\20260904_052953\autocannon\compute_node_run3.json","C:\Users\Miha\Namizje\DiplomaBenchmark\results\20260904_052953\docker-stats\compute_node_run3.csv"
"compute","bun","3","10","30","5","696,48","645","1333","1338","162,26","1351","14,27","428","3168,2","428","0","0","0","93,274","41,966","45,01","14","C:\Users\Miha\Namizje\DiplomaBenchmark\results\20260904_052953\autocannon\compute_bun_run3.json","C:\Users\Miha\Namizje\DiplomaBenchmark\results\20260904_052953\docker-stats\compute_bun_run3.csv"
"compute","bun","4","10","30","5","696,33","694","1333","1346","157,89","1352","14,27","428","3168,2","428","0","0","0","93,404","42,618","46,11","14","C:\Users\Miha\Namizje\DiplomaBenchmark\results\20260904_052953\autocannon\compute_bun_run4.json","C:\Users\Miha\Namizje\DiplomaBenchmark\results\20260904_052953\docker-stats\compute_bun_run4.csv"
"compute","node","4","10","30","5","978,58","895","1807","1904","397,43","4304","10,1","303","2263,4","303","0","0","0","95,459","44,254","56,29","14","C:\Users\Miha\Namizje\DiplomaBenchmark\results\20260904_052953\autocannon\compute_node_run4.json","C:\Users\Miha\Namizje\DiplomaBenchmark\results\20260904_052953\docker-stats\compute_node_run4.csv"
"compute","node","5","10","30","5","981,75","896","1801","1814","376,67","3999","10,1","303","2263,34","303","0","0","0","95,63","41,634","55,75","14","C:\Users\Miha\Namizje\DiplomaBenchmark\results\20260904_052953\autocannon\compute_node_run5.json","C:\Users\Miha\Namizje\DiplomaBenchmark\results\20260904_052953\docker-stats\compute_node_run5.csv"
"compute","bun","5","10","30","5","696,65","696","1332","1338","147,28","1364","14,3","429","3175,6","429","0","0","0","93,26","42,454","52,28","14","C:\Users\Miha\Namizje\DiplomaBenchmark\results\20260904_052953\autocannon\compute_bun_run5.json","C:\Users\Miha\Namizje\DiplomaBenchmark\results\20260904_052953\docker-stats\compute_bun_run5.csv"
"compute","bun","6","10","30","5","697,17","654","1334","1347","163,96","1367","14,3","429","3175,6","429","0","0","0","93,599","41,817","45,18","14","C:\Users\Miha\Namizje\DiplomaBenchmark\results\20260904_052953\autocannon\compute_bun_run6.json","C:\Users\Miha\Namizje\DiplomaBenchmark\results\20260904_052953\docker-stats\compute_bun_run6.csv"
"compute","node","6","10","30","5","979,97","895","1808","2202","426,84","4678","10,1","303","2263,37","303","0","0","0","95,376","44,794","57,65","14","C:\Users\Miha\Namizje\DiplomaBenchmark\results\20260904_052953\autocannon\compute_node_run6.json","C:\Users\Miha\Namizje\DiplomaBenchmark\results\20260904_052953\docker-stats\compute_node_run6.csv"
"compute","node","7","10","30","5","977,15","892","1802","2288","432,44","4687","10,14","304","2270,84","304","0","0","0","95,17","46,665","58,98","14","C:\Users\Miha\Namizje\DiplomaBenchmark\results\20260904_052953\autocannon\compute_node_run7.json","C:\Users\Miha\Namizje\DiplomaBenchmark\results\20260904_052953\docker-stats\compute_node_run7.csv"
"compute","bun","7","10","30","5","695,04","695","1325","1335","150,26","1348","14,34","430","3183","430","0","0","0","93,582","41,532","44,25","14","C:\Users\Miha\Namizje\DiplomaBenchmark\results\20260904_052953\autocannon\compute_bun_run7.json","C:\Users\Miha\Namizje\DiplomaBenchmark\results\20260904_052953\docker-stats\compute_bun_run7.csv"
"compute","bun","8","10","30","5","697,86","699","1334","1350","148,88","1365","14,27","428","3168,2","428","0","0","0","93,416","43,844","49,68","14","C:\Users\Miha\Namizje\DiplomaBenchmark\results\20260904_052953\autocannon\compute_bun_run8.json","C:\Users\Miha\Namizje\DiplomaBenchmark\results\20260904_052953\docker-stats\compute_bun_run8.csv"
"compute","node","8","10","30","5","975,84","892","1794","1805","348,05","3594","10,14","304","2270,87","304","0","0","0","95,197","46,666","52,33","14","C:\Users\Miha\Namizje\DiplomaBenchmark\results\20260904_052953\autocannon\compute_node_run8.json","C:\Users\Miha\Namizje\DiplomaBenchmark\results\20260904_052953\docker-stats\compute_node_run8.csv"
"compute","node","9","10","30","5","983,25","896","1815","2115","415,71","4530","10,07","302","2255,9","302","0","0","0","95,711","42,144","50,86","14","C:\Users\Miha\Namizje\DiplomaBenchmark\results\20260904_052953\autocannon\compute_node_run9.json","C:\Users\Miha\Namizje\DiplomaBenchmark\results\20260904_052953\docker-stats\compute_node_run9.csv"
"compute","bun","9","10","30","5","693,64","690","1324","1337","158,15","1353","14,37","431","3190,4","431","0","0","0","93,45","42,534","45,33","14","C:\Users\Miha\Namizje\DiplomaBenchmark\results\20260904_052953\autocannon\compute_bun_run9.json","C:\Users\Miha\Namizje\DiplomaBenchmark\results\20260904_052953\docker-stats\compute_bun_run9.csv"
"compute","bun","10","10","30","5","694,93","690","1328","1338","158,31","1351","14,3","429","3175,6","429","0","0","0","93,616","43,511","45,26","14","C:\Users\Miha\Namizje\DiplomaBenchmark\results\20260904_052953\autocannon\compute_bun_run10.json","C:\Users\Miha\Namizje\DiplomaBenchmark\results\20260904_052953\docker-stats\compute_bun_run10.csv"
"compute","node","10","10","30","5","977,13","893","1799","2110","414,52","4514","10,14","304","2270,84","304","0","0","0","95,227","45,539","57,12","14","C:\Users\Miha\Namizje\DiplomaBenchmark\results\20260904_052953\autocannon\compute_node_run10.json","C:\Users\Miha\Namizje\DiplomaBenchmark\results\20260904_052953\docker-stats\compute_node_run10.csv"
"compute","node","11","10","30","5","981,36","898","1809","1910","398,94","4322","10,1","303","2263,37","303","0","0","0","95,194","44,567","52,16","14","C:\Users\Miha\Namizje\DiplomaBenchmark\results\20260904_052953\autocannon\compute_node_run11.json","C:\Users\Miha\Namizje\DiplomaBenchmark\results\20260904_052953\docker-stats\compute_node_run11.csv"
"compute","bun","11","10","30","5","694,09","695","1322","1335","148,98","1347","14,3","429","3175,6","429","0","0","0","93,403","43,231","48,43","14","C:\Users\Miha\Namizje\DiplomaBenchmark\results\20260904_052953\autocannon\compute_bun_run11.json","C:\Users\Miha\Namizje\DiplomaBenchmark\results\20260904_052953\docker-stats\compute_bun_run11.csv"
"compute","bun","12","10","30","5","695,6","695","1331","1339","152,29","1355","14,34","430","3183","430","0","0","0","93,289","40,784","44,61","14","C:\Users\Miha\Namizje\DiplomaBenchmark\results\20260904_052953\autocannon\compute_bun_run12.json","C:\Users\Miha\Namizje\DiplomaBenchmark\results\20260904_052953\docker-stats\compute_bun_run12.csv"
"compute","node","12","10","30","5","981,18","897","1803","1808","375,72","3977","10,1","303","2263,37","303","0","0","0","95,089","43,954","51,93","14","C:\Users\Miha\Namizje\DiplomaBenchmark\results\20260904_052953\autocannon\compute_node_run12.json","C:\Users\Miha\Namizje\DiplomaBenchmark\results\20260904_052953\docker-stats\compute_node_run12.csv"
"compute","node","13","10","30","5","980,62","896","1801","1921","399,6","4343","10,1","303","2263,37","303","0","0","0","95,471","44,614","55,16","14","C:\Users\Miha\Namizje\DiplomaBenchmark\results\20260904_052953\autocannon\compute_node_run13.json","C:\Users\Miha\Namizje\DiplomaBenchmark\results\20260904_052953\docker-stats\compute_node_run13.csv"
"compute","bun","13","10","30","5","694,79","695","1329","1336","148,87","1347","14,34","430","3183","430","0","0","0","93,381","43,725","48,83","14","C:\Users\Miha\Namizje\DiplomaBenchmark\results\20260904_052953\autocannon\compute_bun_run13.json","C:\Users\Miha\Namizje\DiplomaBenchmark\results\20260904_052953\docker-stats\compute_bun_run13.csv"
"compute","bun","14","10","30","5","695,09","695","1328","1338","155,7","1375","14,34","430","3183","430","0","0","0","93,563","44,076","47,96","14","C:\Users\Miha\Namizje\DiplomaBenchmark\results\20260904_052953\autocannon\compute_bun_run14.json","C:\Users\Miha\Namizje\DiplomaBenchmark\results\20260904_052953\docker-stats\compute_bun_run14.csv"
"compute","node","14","10","30","5","980,59","897","1807","1925","398,65","4318","10,1","303","2263,37","303","0","0","0","95,599","41,577","52,44","14","C:\Users\Miha\Namizje\DiplomaBenchmark\results\20260904_052953\autocannon\compute_node_run14.json","C:\Users\Miha\Namizje\DiplomaBenchmark\results\20260904_052953\docker-stats\compute_node_run14.csv"
"compute","node","15","10","30","5","977,42","892","1795","1907","398,38","4307","10,17","305","2278,34","305","0","0","0","95,161","48,135","60,16","14","C:\Users\Miha\Namizje\DiplomaBenchmark\results\20260904_052953\autocannon\compute_node_run15.json","C:\Users\Miha\Namizje\DiplomaBenchmark\results\20260904_052953\docker-stats\compute_node_run15.csv"
"compute","bun","15","10","30","5","696,26","695","1333","1338","155,28","1350","14,34","430","3183","430","0","0","0","93,253","42,336","44,93","14","C:\Users\Miha\Namizje\DiplomaBenchmark\results\20260904_052953\autocannon\compute_bun_run15.json","C:\Users\Miha\Namizje\DiplomaBenchmark\results\20260904_052953\docker-stats\compute_bun_run15.csv"
"compute","bun","16","10","30","5","693,95","695","1329","1335","145,56","1369","14,37","431","3190,4","431","0","0","0","93,546","40,457","43,62","14","C:\Users\Miha\Namizje\DiplomaBenchmark\results\20260904_052953\autocannon\compute_bun_run16.json","C:\Users\Miha\Namizje\DiplomaBenchmark\results\20260904_052953\docker-stats\compute_bun_run16.csv"
"compute","node","16","10","30","5","984,1","901","1812","2008","408,02","4400","10,04","301","2248,44","301","0","0","0","94,918","48,24","51,05","14","C:\Users\Miha\Namizje\DiplomaBenchmark\results\20260904_052953\autocannon\compute_node_run16.json","C:\Users\Miha\Namizje\DiplomaBenchmark\results\20260904_052953\docker-stats\compute_node_run16.csv"
"compute","node","17","10","30","5","983,2","898","1814","1900","400,18","4315","10,04","301","2248,44","301","0","0","0","95,063","47,76","49,61","14","C:\Users\Miha\Namizje\DiplomaBenchmark\results\20260904_052953\autocannon\compute_node_run17.json","C:\Users\Miha\Namizje\DiplomaBenchmark\results\20260904_052953\docker-stats\compute_node_run17.csv"
"compute","bun","17","10","30","5","699,23","699","1334","1352","151,52","1360","14,24","427","3160,8","427","0","0","0","93,33","42,394","44,88","14","C:\Users\Miha\Namizje\DiplomaBenchmark\results\20260904_052953\autocannon\compute_bun_run17.json","C:\Users\Miha\Namizje\DiplomaBenchmark\results\20260904_052953\docker-stats\compute_bun_run17.csv"
"compute","bun","18","10","30","5","697,1","695","1331","1341","154,33","1372","14,3","429","3175,6","429","0","0","0","93,517","42,011","47,95","14","C:\Users\Miha\Namizje\DiplomaBenchmark\results\20260904_052953\autocannon\compute_bun_run18.json","C:\Users\Miha\Namizje\DiplomaBenchmark\results\20260904_052953\docker-stats\compute_bun_run18.csv"
"compute","node","18","10","30","5","978,2","894","1799","2223","424,6","4600","10,1","303","2263,34","303","0","0","0","95,052","48,966","56,1","14","C:\Users\Miha\Namizje\DiplomaBenchmark\results\20260904_052953\autocannon\compute_node_run18.json","C:\Users\Miha\Namizje\DiplomaBenchmark\results\20260904_052953\docker-stats\compute_node_run18.csv"
"compute","node","19","10","30","5","980,45","896","1807","1903","398,9","4317","10,07","302","2255,9","302","0","0","0","95,297","42,448","51,21","14","C:\Users\Miha\Namizje\DiplomaBenchmark\results\20260904_052953\autocannon\compute_node_run19.json","C:\Users\Miha\Namizje\DiplomaBenchmark\results\20260904_052953\docker-stats\compute_node_run19.csv"
"compute","bun","19","10","30","5","698,54","698","1329","1346","141,73","1364","14,27","428","3168,2","428","0","0","0","93,419","42,596","44,96","14","C:\Users\Miha\Namizje\DiplomaBenchmark\results\20260904_052953\autocannon\compute_bun_run19.json","C:\Users\Miha\Namizje\DiplomaBenchmark\results\20260904_052953\docker-stats\compute_bun_run19.csv"
"compute","bun","20","10","30","5","696,51","695","1331","1341","154,68","1351","14,3","429","3175,6","429","0","0","0","93,604","43,225","48,34","14","C:\Users\Miha\Namizje\DiplomaBenchmark\results\20260904_052953\autocannon\compute_bun_run20.json","C:\Users\Miha\Namizje\DiplomaBenchmark\results\20260904_052953\docker-stats\compute_bun_run20.csv"
"compute","node","20","10","30","5","990,91","900","1875","2698","410,7","4382","9,97","299","2233,44","299","0","0","0","95,096","42,293","49,2","14","C:\Users\Miha\Namizje\DiplomaBenchmark\results\20260904_052953\autocannon\compute_node_run20.json","C:\Users\Miha\Namizje\DiplomaBenchmark\results\20260904_052953\docker-stats\compute_node_run20.csv"
"compute","node","21","10","30","5","979,83","896","1801","2105","415,49","4509","10,1","303","2263,37","303","0","0","0","95,359","45,526","56,1","14","C:\Users\Miha\Namizje\DiplomaBenchmark\results\20260904_052953\autocannon\compute_node_run21.json","C:\Users\Miha\Namizje\DiplomaBenchmark\results\20260904_052953\docker-stats\compute_node_run21.csv"
"compute","bun","21","10","30","5","697,15","696","1334","1342","150,67","1353","14,27","428","3168,2","428","0","0","0","93,332","42,481","45,12","14","C:\Users\Miha\Namizje\DiplomaBenchmark\results\20260904_052953\autocannon\compute_bun_run21.json","C:\Users\Miha\Namizje\DiplomaBenchmark\results\20260904_052953\docker-stats\compute_bun_run21.csv"
"compute","bun","22","10","30","5","696,18","647","1331","1341","159,64","1347","14,34","430","3183","430","0","0","0","93,605","42,169","44,93","14","C:\Users\Miha\Namizje\DiplomaBenchmark\results\20260904_052953\autocannon\compute_bun_run22.json","C:\Users\Miha\Namizje\DiplomaBenchmark\results\20260904_052953\docker-stats\compute_bun_run22.csv"
"compute","node","22","10","30","5","978,85","893","1800","1898","398,25","4281","10,14","304","2270,87","304","0","0","0","94,835","48,169","52,93","14","C:\Users\Miha\Namizje\DiplomaBenchmark\results\20260904_052953\autocannon\compute_node_run22.json","C:\Users\Miha\Namizje\DiplomaBenchmark\results\20260904_052953\docker-stats\compute_node_run22.csv"
"compute","node","23","10","30","5","975,88","891","1791","1798","373,83","3989","10,17","305","2278,34","305","0","0","0","95,546","44,701","57,32","14","C:\Users\Miha\Namizje\DiplomaBenchmark\results\20260904_052953\autocannon\compute_node_run23.json","C:\Users\Miha\Namizje\DiplomaBenchmark\results\20260904_052953\docker-stats\compute_node_run23.csv"
"compute","bun","23","10","30","5","694,26","693","1320","1327","150,15","1352","14,34","430","3183","430","0","0","0","93,396","41,637","45,04","14","C:\Users\Miha\Namizje\DiplomaBenchmark\results\20260904_052953\autocannon\compute_bun_run23.json","C:\Users\Miha\Namizje\DiplomaBenchmark\results\20260904_052953\docker-stats\compute_bun_run23.csv"
"compute","bun","24","10","30","5","696,81","698","1331","1343","151,21","1351","14,34","430","3183","430","0","0","0","93,581","42,398","44,97","14","C:\Users\Miha\Namizje\DiplomaBenchmark\results\20260904_052953\autocannon\compute_bun_run24.json","C:\Users\Miha\Namizje\DiplomaBenchmark\results\20260904_052953\docker-stats\compute_bun_run24.csv"
"compute","node","24","10","30","5","984,92","898","1818","1830","378,18","4002","10,07","302","2255,94","302","0","0","0","94,764","50,105","50,94","14","C:\Users\Miha\Namizje\DiplomaBenchmark\results\20260904_052953\autocannon\compute_node_run24.json","C:\Users\Miha\Namizje\DiplomaBenchmark\results\20260904_052953\docker-stats\compute_node_run24.csv"
"compute","node","25","10","30","5","979,25","893","1804","2217","425,19","4624","10,14","304","2270,84","304","0","0","0","95,002","47,511","51,48","14","C:\Users\Miha\Namizje\DiplomaBenchmark\results\20260904_052953\autocannon\compute_node_run25.json","C:\Users\Miha\Namizje\DiplomaBenchmark\results\20260904_052953\docker-stats\compute_node_run25.csv"
"compute","bun","25","10","30","5","698,1","699","1335","1345","152,93","1353","14,24","427","3160,8","427","0","0","0","93,352","43,074","45,05","14","C:\Users\Miha\Namizje\DiplomaBenchmark\results\20260904_052953\autocannon\compute_bun_run25.json","C:\Users\Miha\Namizje\DiplomaBenchmark\results\20260904_052953\docker-stats\compute_bun_run25.csv"
"file-read","node","1","20","30","5","305,37","301","377","392","29,26","410","65,3","1959","12080,27","1959","0","0","0","28,794","280,043","305,3","14","C:\Users\Miha\Namizje\DiplomaBenchmark\results\20260904_052953\autocannon\file-read_node_run1.json","C:\Users\Miha\Namizje\DiplomaBenchmark\results\20260904_052953\docker-stats\file-read_node_run1.csv"
"file-read","bun","1","20","30","5","379,43","334","916","971","232,72","1192","52,44","1573","9651,74","1573","0","0","0","19,266","84,966","126,1","14","C:\Users\Miha\Namizje\DiplomaBenchmark\results\20260904_052953\autocannon\file-read_bun_run1.json","C:\Users\Miha\Namizje\DiplomaBenchmark\results\20260904_052953\docker-stats\file-read_bun_run1.csv"
"file-read","bun","2","20","30","5","395,34","342","956","1063","248,04","1346","50,44","1513","9283,54","1513","0","0","0","17,676","93,333","117,1","14","C:\Users\Miha\Namizje\DiplomaBenchmark\results\20260904_052953\autocannon\file-read_bun_run2.json","C:\Users\Miha\Namizje\DiplomaBenchmark\results\20260904_052953\docker-stats\file-read_bun_run2.csv"
"file-read","node","2","20","30","5","313,54","309","377","419","28,38","428","63,77","1913","11797,07","1913","0","0","0","28,039","275,857","314,6","14","C:\Users\Miha\Namizje\DiplomaBenchmark\results\20260904_052953\autocannon\file-read_node_run2.json","C:\Users\Miha\Namizje\DiplomaBenchmark\results\20260904_052953\docker-stats\file-read_node_run2.csv"
"file-read","node","3","20","30","5","298,44","293","363","375","27,15","392","66,8","2004","12358,14","2004","0","0","0","28,466","281,621","316,2","14","C:\Users\Miha\Namizje\DiplomaBenchmark\results\20260904_052953\autocannon\file-read_node_run3.json","C:\Users\Miha\Namizje\DiplomaBenchmark\results\20260904_052953\docker-stats\file-read_node_run3.csv"
"file-read","bun","3","20","30","5","408,4","348","1020","1206","266,95","1605","48,7","1461","8964,4","1461","0","0","0","18,913","98,619","126,3","14","C:\Users\Miha\Namizje\DiplomaBenchmark\results\20260904_052953\autocannon\file-read_bun_run3.json","C:\Users\Miha\Namizje\DiplomaBenchmark\results\20260904_052953\docker-stats\file-read_bun_run3.csv"
"file-read","bun","4","20","30","5","386,11","332","956","1063","246,2","1265","51,6","1548","9498,21","1548","0","0","0","18,314","101,757","142,8","14","C:\Users\Miha\Namizje\DiplomaBenchmark\results\20260904_052953\autocannon\file-read_bun_run4.json","C:\Users\Miha\Namizje\DiplomaBenchmark\results\20260904_052953\docker-stats\file-read_bun_run4.csv"
"file-read","node","4","20","30","5","320,4","316","400","415","35,99","430","62,2","1866","11506,67","1866","0","0","0","27,071","278,507","304,2","14","C:\Users\Miha\Namizje\DiplomaBenchmark\results\20260904_052953\autocannon\file-read_node_run4.json","C:\Users\Miha\Namizje\DiplomaBenchmark\results\20260904_052953\docker-stats\file-read_node_run4.csv"
"file-read","node","5","20","30","5","302,12","300","367","377","26,89","392","66","1980","12210,4","1980","0","0","0","28,646","280,75","303,9","14","C:\Users\Miha\Namizje\DiplomaBenchmark\results\20260904_052953\autocannon\file-read_node_run5.json","C:\Users\Miha\Namizje\DiplomaBenchmark\results\20260904_052953\docker-stats\file-read_node_run5.csv"
"file-read","bun","5","20","30","5","368,72","323","895","1040","232,98","1402","53,94","1618","9927,6","1618","0","0","0","18,539","96,339","126,6","14","C:\Users\Miha\Namizje\DiplomaBenchmark\results\20260904_052953\autocannon\file-read_bun_run5.json","C:\Users\Miha\Namizje\DiplomaBenchmark\results\20260904_052953\docker-stats\file-read_bun_run5.csv"
"file-read","bun","6","20","30","5","384,8","339","916","1016","235,52","1287","51,7","1551","9516,6","1551","0","0","0","17,482","84,269","146,9","14","C:\Users\Miha\Namizje\DiplomaBenchmark\results\20260904_052953\autocannon\file-read_bun_run6.json","C:\Users\Miha\Namizje\DiplomaBenchmark\results\20260904_052953\docker-stats\file-read_bun_run6.csv"
"file-read","node","6","20","30","5","321,59","320","379","482","33,08","500","62,07","1862","11482,4","1862","0","0","0","26,282","283,329","300,2","14","C:\Users\Miha\Namizje\DiplomaBenchmark\results\20260904_052953\autocannon\file-read_node_run6.json","C:\Users\Miha\Namizje\DiplomaBenchmark\results\20260904_052953\docker-stats\file-read_node_run6.csv"
"file-read","node","7","20","30","5","325,17","324","390","402","29,82","455","61,34","1840","11347,2","1840","0","0","0","26,18","285,343","304,1","14","C:\Users\Miha\Namizje\DiplomaBenchmark\results\20260904_052953\autocannon\file-read_node_run7.json","C:\Users\Miha\Namizje\DiplomaBenchmark\results\20260904_052953\docker-stats\file-read_node_run7.csv"
"file-read","bun","7","20","30","5","354,62","307","864","1028","228,12","1437","56,27","1688","10356,87","1688","0","0","0","19,226","90,556","116,3","14","C:\Users\Miha\Namizje\DiplomaBenchmark\results\20260904_052953\autocannon\file-read_bun_run7.json","C:\Users\Miha\Namizje\DiplomaBenchmark\results\20260904_052953\docker-stats\file-read_bun_run7.csv"
"file-read","bun","8","20","30","5","380,88","330","924","1027","242,75","1353","52,4","1572","9645,4","1572","0","0","0","18,569","86,181","107,7","14","C:\Users\Miha\Namizje\DiplomaBenchmark\results\20260904_052953\autocannon\file-read_bun_run8.json","C:\Users\Miha\Namizje\DiplomaBenchmark\results\20260904_052953\docker-stats\file-read_bun_run8.csv"
"file-read","node","8","20","30","5","315,97","313","394","423","35,67","461","63,2","1896","11692,54","1896","0","0","0","27,189","282,914","304,9","14","C:\Users\Miha\Namizje\DiplomaBenchmark\results\20260904_052953\autocannon\file-read_node_run8.json","C:\Users\Miha\Namizje\DiplomaBenchmark\results\20260904_052953\docker-stats\file-read_node_run8.csv"
"file-read","node","9","20","30","5","326,17","324","398","411","31,28","448","61,3","1839","11340,8","1839","0","0","0","26,939","281,071","304,6","14","C:\Users\Miha\Namizje\DiplomaBenchmark\results\20260904_052953\autocannon\file-read_node_run9.json","C:\Users\Miha\Namizje\DiplomaBenchmark\results\20260904_052953\docker-stats\file-read_node_run9.csv"
"file-read","bun","9","20","30","5","383,97","328","950","1071","247,85","1491","51,94","1558","9559,54","1558","0","0","0","17,63","93,081","115,9","14","C:\Users\Miha\Namizje\DiplomaBenchmark\results\20260904_052953\autocannon\file-read_bun_run9.json","C:\Users\Miha\Namizje\DiplomaBenchmark\results\20260904_052953\docker-stats\file-read_bun_run9.csv"
"file-read","bun","10","20","30","5","348,35","311","820","897","208,1","1286","57,2","1716","10528,74","1716","0","0","0","19,266","92,796","117,4","14","C:\Users\Miha\Namizje\DiplomaBenchmark\results\20260904_052953\autocannon\file-read_bun_run10.json","C:\Users\Miha\Namizje\DiplomaBenchmark\results\20260904_052953\docker-stats\file-read_bun_run10.csv"
"file-read","node","10","20","30","5","320,46","321","385","398","30,98","408","62,3","1869","11525,6","1869","0","0","0","27,466","283,321","303","14","C:\Users\Miha\Namizje\DiplomaBenchmark\results\20260904_052953\autocannon\file-read_node_run10.json","C:\Users\Miha\Namizje\DiplomaBenchmark\results\20260904_052953\docker-stats\file-read_node_run10.csv"
"file-read","node","11","20","30","5","325,16","324","385","396","28,18","412","61,34","1840","11346,94","1840","0","0","0","26,944","281,086","306,8","14","C:\Users\Miha\Namizje\DiplomaBenchmark\results\20260904_052953\autocannon\file-read_node_run11.json","C:\Users\Miha\Namizje\DiplomaBenchmark\results\20260904_052953\docker-stats\file-read_node_run11.csv"
"file-read","bun","11","20","30","5","400,81","346","1022","1182","265,4","1452","49,64","1489","9136,27","1489","0","0","0","18,073","85,499","106","14","C:\Users\Miha\Namizje\DiplomaBenchmark\results\20260904_052953\autocannon\file-read_bun_run11.json","C:\Users\Miha\Namizje\DiplomaBenchmark\results\20260904_052953\docker-stats\file-read_bun_run11.csv"
"file-read","bun","12","20","30","5","375,16","321","922","1112","240,36","1620","53,17","1595","9786,4","1595","0","0","0","20,228","98,594","120,7","14","C:\Users\Miha\Namizje\DiplomaBenchmark\results\20260904_052953\autocannon\file-read_bun_run12.json","C:\Users\Miha\Namizje\DiplomaBenchmark\results\20260904_052953\docker-stats\file-read_bun_run12.csv"
"file-read","node","12","20","30","5","312,85","306","403","415","31,96","443","63,94","1918","11828","1918","0","0","0","27,717","272,236","294,1","14","C:\Users\Miha\Namizje\DiplomaBenchmark\results\20260904_052953\autocannon\file-read_node_run12.json","C:\Users\Miha\Namizje\DiplomaBenchmark\results\20260904_052953\docker-stats\file-read_node_run12.csv"
"file-read","node","13","20","30","5","305,52","304","372","380","27,97","397","65,34","1960","12086,67","1960","0","0","0","27,614","285,607","316,4","14","C:\Users\Miha\Namizje\DiplomaBenchmark\results\20260904_052953\autocannon\file-read_node_run13.json","C:\Users\Miha\Namizje\DiplomaBenchmark\results\20260904_052953\docker-stats\file-read_node_run13.csv"
"file-read","bun","13","20","30","5","403,17","347","996","1171","259,24","1458","49,4","1482","9093,34","1482","0","0","0","17,069","89,2","126,1","14","C:\Users\Miha\Namizje\DiplomaBenchmark\results\20260904_052953\autocannon\file-read_bun_run13.json","C:\Users\Miha\Namizje\DiplomaBenchmark\results\20260904_052953\docker-stats\file-read_bun_run13.csv"
"file-read","bun","14","20","30","5","363,81","315","895","962","231,83","1112","54,77","1643","10081","1643","0","0","0","18,713","97,432","146,3","14","C:\Users\Miha\Namizje\DiplomaBenchmark\results\20260904_052953\autocannon\file-read_bun_run14.json","C:\Users\Miha\Namizje\DiplomaBenchmark\results\20260904_052953\docker-stats\file-read_bun_run14.csv"
"file-read","node","14","20","30","5","302,64","302","357","367","26,73","380","66","1980","12210,67","1980","0","0","0","28,559","273,393","306,8","14","C:\Users\Miha\Namizje\DiplomaBenchmark\results\20260904_052953\autocannon\file-read_node_run14.json","C:\Users\Miha\Namizje\DiplomaBenchmark\results\20260904_052953\docker-stats\file-read_node_run14.csv"
"file-read","node","15","20","30","5","303,67","301","365","378","28,15","397","65,8","1974","12172,8","1974","0","0","0","27,603","276,493","307,1","14","C:\Users\Miha\Namizje\DiplomaBenchmark\results\20260904_052953\autocannon\file-read_node_run15.json","C:\Users\Miha\Namizje\DiplomaBenchmark\results\20260904_052953\docker-stats\file-read_node_run15.csv"
"file-read","bun","15","20","30","5","382,73","338","921","1029","232,58","1396","52","1560","9571,8","1560","0","0","0","17,818","88,895","125,9","14","C:\Users\Miha\Namizje\DiplomaBenchmark\results\20260904_052953\autocannon\file-read_bun_run15.json","C:\Users\Miha\Namizje\DiplomaBenchmark\results\20260904_052953\docker-stats\file-read_bun_run15.csv"
"file-read","bun","16","20","30","5","379","336","919","1016","231,04","1215","52,54","1576","9669,94","1576","0","0","0","18,155","92,198","115,8","14","C:\Users\Miha\Namizje\DiplomaBenchmark\results\20260904_052953\autocannon\file-read_bun_run16.json","C:\Users\Miha\Namizje\DiplomaBenchmark\results\20260904_052953\docker-stats\file-read_bun_run16.csv"
"file-read","node","16","20","30","5","312,54","311","361","368","26,38","391","63,97","1919","11833,87","1919","0","0","0","28,574","273,093","297,7","14","C:\Users\Miha\Namizje\DiplomaBenchmark\results\20260904_052953\autocannon\file-read_node_run16.json","C:\Users\Miha\Namizje\DiplomaBenchmark\results\20260904_052953\docker-stats\file-read_node_run16.csv"
"file-read","node","17","20","30","5","310,38","307","385","409","32,1","466","64,24","1927","11883,74","1927","0","0","0","28,136","285,85","305,2","14","C:\Users\Miha\Namizje\DiplomaBenchmark\results\20260904_052953\autocannon\file-read_node_run17.json","C:\Users\Miha\Namizje\DiplomaBenchmark\results\20260904_052953\docker-stats\file-read_node_run17.csv"
"file-read","bun","17","20","30","5","388,4","337","937","1015","240,4","1364","51,34","1540","9449,14","1540","0","0","0","17,906","86,579","125,6","14","C:\Users\Miha\Namizje\DiplomaBenchmark\results\20260904_052953\autocannon\file-read_bun_run17.json","C:\Users\Miha\Namizje\DiplomaBenchmark\results\20260904_052953\docker-stats\file-read_bun_run17.csv"
"file-read","bun","18","20","30","5","381,19","333","910","972","235,49","1052","52,2","1566","9608,74","1566","0","0","0","18,361","87,877","126,4","14","C:\Users\Miha\Namizje\DiplomaBenchmark\results\20260904_052953\autocannon\file-read_bun_run18.json","C:\Users\Miha\Namizje\DiplomaBenchmark\results\20260904_052953\docker-stats\file-read_bun_run18.csv"
"file-read","node","18","20","30","5","316,11","311","388","394","31,21","428","63,27","1898","11704,8","1898","0","0","0","27,33","276,786","306,4","14","C:\Users\Miha\Namizje\DiplomaBenchmark\results\20260904_052953\autocannon\file-read_node_run18.json","C:\Users\Miha\Namizje\DiplomaBenchmark\results\20260904_052953\docker-stats\file-read_node_run18.csv"
"file-read","node","19","20","30","5","302,85","301","354","370","22,15","393","65,91","1977","12191,47","1977","0","0","0","28,37","277,429","303,5","14","C:\Users\Miha\Namizje\DiplomaBenchmark\results\20260904_052953\autocannon\file-read_node_run19.json","C:\Users\Miha\Namizje\DiplomaBenchmark\results\20260904_052953\docker-stats\file-read_node_run19.csv"
"file-read","bun","19","20","30","5","368,89","309","927","1153","252,84","1663","54","1620","9939,74","1620","0","0","0","17,844","89,751","126,8","14","C:\Users\Miha\Namizje\DiplomaBenchmark\results\20260904_052953\autocannon\file-read_bun_run19.json","C:\Users\Miha\Namizje\DiplomaBenchmark\results\20260904_052953\docker-stats\file-read_bun_run19.csv"
"file-read","bun","20","20","30","5","394,76","342","931","1038","240,97","1225","50,34","1510","9265,14","1510","0","0","0","17,544","91,945","126","14","C:\Users\Miha\Namizje\DiplomaBenchmark\results\20260904_052953\autocannon\file-read_bun_run20.json","C:\Users\Miha\Namizje\DiplomaBenchmark\results\20260904_052953\docker-stats\file-read_bun_run20.csv"
"file-read","node","20","20","30","5","307,15","306","366","375","26,47","409","65,1","1953","12044,27","1953","0","0","0","27,973","279,55","310,6","14","C:\Users\Miha\Namizje\DiplomaBenchmark\results\20260904_052953\autocannon\file-read_node_run20.json","C:\Users\Miha\Namizje\DiplomaBenchmark\results\20260904_052953\docker-stats\file-read_node_run20.csv"
"file-read","node","21","20","30","5","307,06","304","374","381","28,78","407","64,74","1942","11976","1942","0","0","0","26,924","285,907","312,6","14","C:\Users\Miha\Namizje\DiplomaBenchmark\results\20260904_052953\autocannon\file-read_node_run21.json","C:\Users\Miha\Namizje\DiplomaBenchmark\results\20260904_052953\docker-stats\file-read_node_run21.csv"
"file-read","bun","21","20","30","5","351,2","308","846","1023","216,24","1383","56,74","1702","10442,87","1702","0","0","0","18,494","93,849","126,5","14","C:\Users\Miha\Namizje\DiplomaBenchmark\results\20260904_052953\autocannon\file-read_bun_run21.json","C:\Users\Miha\Namizje\DiplomaBenchmark\results\20260904_052953\docker-stats\file-read_bun_run21.csv"
"file-read","bun","22","20","30","5","364,14","317","885","965","226,41","1101","54,6","1638","10050,4","1638","0","0","0","18,03","89,406","126,6","14","C:\Users\Miha\Namizje\DiplomaBenchmark\results\20260904_052953\autocannon\file-read_bun_run22.json","C:\Users\Miha\Namizje\DiplomaBenchmark\results\20260904_052953\docker-stats\file-read_bun_run22.csv"
"file-read","node","22","20","30","5","314,78","314","365","382","23,94","405","63,34","1900","11716,54","1900","0","0","0","27,529","281,293","306,9","14","C:\Users\Miha\Namizje\DiplomaBenchmark\results\20260904_052953\autocannon\file-read_node_run22.json","C:\Users\Miha\Namizje\DiplomaBenchmark\results\20260904_052953\docker-stats\file-read_node_run22.csv"
"file-read","node","23","20","30","5","315,05","313","380","392","26,92","403","63,34","1900","11716,54","1900","0","0","0","27,26","286,843","300,5","14","C:\Users\Miha\Namizje\DiplomaBenchmark\results\20260904_052953\autocannon\file-read_node_run23.json","C:\Users\Miha\Namizje\DiplomaBenchmark\results\20260904_052953\docker-stats\file-read_node_run23.csv"
"file-read","bun","23","20","30","5","397,08","342","971","1114","250,97","1469","50,3","1509","9258,94","1509","0","0","0","17,967","89,451","107,7","14","C:\Users\Miha\Namizje\DiplomaBenchmark\results\20260904_052953\autocannon\file-read_bun_run23.json","C:\Users\Miha\Namizje\DiplomaBenchmark\results\20260904_052953\docker-stats\file-read_bun_run23.csv"
"file-read","bun","24","20","30","5","367,24","315","890","1033","235,4","1621","54,4","1632","10013,47","1632","0","0","0","18,282","100,456","126,6","14","C:\Users\Miha\Namizje\DiplomaBenchmark\results\20260904_052953\autocannon\file-read_bun_run24.json","C:\Users\Miha\Namizje\DiplomaBenchmark\results\20260904_052953\docker-stats\file-read_bun_run24.csv"
"file-read","node","24","20","30","5","313,64","312","379","392","27,55","402","63,77","1913","11797,07","1913","0","0","0","27,396","258,843","311,7","14","C:\Users\Miha\Namizje\DiplomaBenchmark\results\20260904_052953\autocannon\file-read_node_run24.json","C:\Users\Miha\Namizje\DiplomaBenchmark\results\20260904_052953\docker-stats\file-read_node_run24.csv"
"file-read","node","25","20","30","5","315,38","311","371","381","25,63","391","63,34","1900","11716,54","1900","0","0","0","28,169","283,564","307,3","14","C:\Users\Miha\Namizje\DiplomaBenchmark\results\20260904_052953\autocannon\file-read_node_run25.json","C:\Users\Miha\Namizje\DiplomaBenchmark\results\20260904_052953\docker-stats\file-read_node_run25.csv"
"file-read","bun","25","20","30","5","388,12","341","940","1034","243,11","1185","51,4","1542","9461,47","1542","0","0","0","17,055","84,826","126,9","14","C:\Users\Miha\Namizje\DiplomaBenchmark\results\20260904_052953\autocannon\file-read_bun_run25.json","C:\Users\Miha\Namizje\DiplomaBenchmark\results\20260904_052953\docker-stats\file-read_bun_run25.csv"
"file-write","node","1","20","30","5","135,31","132","175","195","15,57","261","147,57","4427","27595,74","4427","0","0","0","18,821","26,945","29,26","14","C:\Users\Miha\Namizje\DiplomaBenchmark\results\20260904_052953\autocannon\file-write_node_run1.json","C:\Users\Miha\Namizje\DiplomaBenchmark\results\20260904_052953\docker-stats\file-write_node_run1.csv"
"file-write","bun","1","20","30","5","191,95","164","467","509","122,52","698","103,47","3104","19246,27","3104","0","0","0","8,903","28,8","30,01","14","C:\Users\Miha\Namizje\DiplomaBenchmark\results\20260904_052953\autocannon\file-write_bun_run1.json","C:\Users\Miha\Namizje\DiplomaBenchmark\results\20260904_052953\docker-stats\file-write_bun_run1.csv"
"file-write","bun","2","20","30","5","200,81","171","501","568","134,65","1199","88,47","2654","16456,6","2654","0","0","0","7,306","28,303","29,99","16","C:\Users\Miha\Namizje\DiplomaBenchmark\results\20260904_052953\autocannon\file-write_bun_run2.json","C:\Users\Miha\Namizje\DiplomaBenchmark\results\20260904_052953\docker-stats\file-write_bun_run2.csv"
"file-write","node","2","20","30","5","142,91","131","155","181","152,32","2406","139,87","4196","26154,07","4196","0","0","0","17,835","27,547","29,73","14","C:\Users\Miha\Namizje\DiplomaBenchmark\results\20260904_052953\autocannon\file-write_node_run2.json","C:\Users\Miha\Namizje\DiplomaBenchmark\results\20260904_052953\docker-stats\file-write_node_run2.csv"
"file-write","node","3","20","30","5","131,65","129","162","188","12,36","237","151,64","4549","28355,2","4549","0","0","0","18,941","29,154","31,49","14","C:\Users\Miha\Namizje\DiplomaBenchmark\results\20260904_052953\autocannon\file-write_node_run3.json","C:\Users\Miha\Namizje\DiplomaBenchmark\results\20260904_052953\docker-stats\file-write_node_run3.csv"
"file-write","bun","3","20","30","5","196,31","170","473","521","123,08","622","101,64","3049","18903,87","3049","0","0","0","8,477","28,913","30,04","14","C:\Users\Miha\Namizje\DiplomaBenchmark\results\20260904_052953\autocannon\file-write_bun_run3.json","C:\Users\Miha\Namizje\DiplomaBenchmark\results\20260904_052953\docker-stats\file-write_bun_run3.csv"
"file-write","bun","4","20","30","5","202,67","174","509","568","132,88","819","98,37","2951","18298,14","2951","0","0","0","8,701","28,873","30,16","14","C:\Users\Miha\Namizje\DiplomaBenchmark\results\20260904_052953\autocannon\file-write_bun_run4.json","C:\Users\Miha\Namizje\DiplomaBenchmark\results\20260904_052953\docker-stats\file-write_bun_run4.csv"
"file-write","node","4","20","30","5","131,41","130","157","163","9,23","190","151,9","4557","28406,94","4557","0","0","0","19,374","28,133","30,57","14","C:\Users\Miha\Namizje\DiplomaBenchmark\results\20260904_052953\autocannon\file-write_node_run4.json","C:\Users\Miha\Namizje\DiplomaBenchmark\results\20260904_052953\docker-stats\file-write_node_run4.csv"
"file-write","node","5","20","30","5","133,45","128","179","208","41,26","728","149,6","4488","27977,6","4488","0","0","0","18,722","28,071","30,36","14","C:\Users\Miha\Namizje\DiplomaBenchmark\results\20260904_052953\autocannon\file-write_node_run5.json","C:\Users\Miha\Namizje\DiplomaBenchmark\results\20260904_052953\docker-stats\file-write_node_run5.csv"
"file-write","bun","5","20","30","5","202,56","170","498","573","139,83","1232","98,5","2955","18321,07","2955","0","0","0","8,251","28,722","30,23","14","C:\Users\Miha\Namizje\DiplomaBenchmark\results\20260904_052953\autocannon\file-write_bun_run5.json","C:\Users\Miha\Namizje\DiplomaBenchmark\results\20260904_052953\docker-stats\file-write_bun_run5.csv"
"file-write","bun","6","20","30","5","186,26","160","455","501","116,96","655","106,97","3209","19896,8","3209","0","0","0","9,009","28,883","29,88","14","C:\Users\Miha\Namizje\DiplomaBenchmark\results\20260904_052953\autocannon\file-write_bun_run6.json","C:\Users\Miha\Namizje\DiplomaBenchmark\results\20260904_052953\docker-stats\file-write_bun_run6.csv"
"file-write","node","6","20","30","5","130,14","127","162","179","13,32","249","153,64","4609","28728","4609","0","0","0","19,512","28,786","30,87","14","C:\Users\Miha\Namizje\DiplomaBenchmark\results\20260904_052953\autocannon\file-write_node_run6.json","C:\Users\Miha\Namizje\DiplomaBenchmark\results\20260904_052953\docker-stats\file-write_node_run6.csv"
"file-write","node","7","20","30","5","129,94","128","156","161","10,79","216","153,6","4608","28722,67","4608","0","0","0","18,048","27,652","29,97","14","C:\Users\Miha\Namizje\DiplomaBenchmark\results\20260904_052953\autocannon\file-write_node_run7.json","C:\Users\Miha\Namizje\DiplomaBenchmark\results\20260904_052953\docker-stats\file-write_node_run7.csv"
"file-write","bun","7","20","30","5","192,02","165","470","520","121,67","608","103,74","3112","19295,47","3112","0","0","0","8,582","28,671","29,98","14","C:\Users\Miha\Namizje\DiplomaBenchmark\results\20260904_052953\autocannon\file-write_bun_run7.json","C:\Users\Miha\Namizje\DiplomaBenchmark\results\20260904_052953\docker-stats\file-write_bun_run7.csv"
"file-write","bun","8","20","30","5","193,25","166","472","527","122,98","663","103,17","3095","19190","3095","0","0","0","8,919","28,995","30,24","14","C:\Users\Miha\Namizje\DiplomaBenchmark\results\20260904_052953\autocannon\file-write_bun_run8.json","C:\Users\Miha\Namizje\DiplomaBenchmark\results\20260904_052953\docker-stats\file-write_bun_run8.csv"
"file-write","node","8","20","30","5","132,46","130","170","189","13,73","226","150,81","4524","28200,54","4524","0","0","0","18,683","27,626","29,59","14","C:\Users\Miha\Namizje\DiplomaBenchmark\results\20260904_052953\autocannon\file-write_node_run8.json","C:\Users\Miha\Namizje\DiplomaBenchmark\results\20260904_052953\docker-stats\file-write_node_run8.csv"
"file-write","node","9","20","30","5","132,1","128","159","167","40,17","735","151,07","4532","28250,14","4532","0","0","0","18,504","28,279","31,06","14","C:\Users\Miha\Namizje\DiplomaBenchmark\results\20260904_052953\autocannon\file-write_node_run9.json","C:\Users\Miha\Namizje\DiplomaBenchmark\results\20260904_052953\docker-stats\file-write_node_run9.csv"
"file-write","bun","9","20","30","5","199,11","170","487","540","127,99","752","100,2","3006","18639,74","3006","0","0","0","8,272","28,958","30,48","14","C:\Users\Miha\Namizje\DiplomaBenchmark\results\20260904_052953\autocannon\file-write_bun_run9.json","C:\Users\Miha\Namizje\DiplomaBenchmark\results\20260904_052953\docker-stats\file-write_bun_run9.csv"
"file-write","bun","10","20","30","5","198,48","170","487","540","125,75","667","100,4","3012","18675,74","3012","0","0","0","8,485","28,666","30,29","14","C:\Users\Miha\Namizje\DiplomaBenchmark\results\20260904_052953\autocannon\file-write_bun_run10.json","C:\Users\Miha\Namizje\DiplomaBenchmark\results\20260904_052953\docker-stats\file-write_bun_run10.csv"
"file-write","node","10","20","30","5","138,51","130","164","273","78,4","1318","144,14","4324","26953,54","4324","0","0","0","17,859","28,519","30,68","14","C:\Users\Miha\Namizje\DiplomaBenchmark\results\20260904_052953\autocannon\file-write_node_run10.json","C:\Users\Miha\Namizje\DiplomaBenchmark\results\20260904_052953\docker-stats\file-write_node_run10.csv"
"file-write","node","11","20","30","5","137,62","131","181","228","50,66","897","145,27","4358","27165,74","4358","0","0","0","18,081","28,286","30,34","14","C:\Users\Miha\Namizje\DiplomaBenchmark\results\20260904_052953\autocannon\file-write_node_run11.json","C:\Users\Miha\Namizje\DiplomaBenchmark\results\20260904_052953\docker-stats\file-write_node_run11.csv"
"file-write","bun","11","20","30","5","189,66","162","469","527","122,32","807","105,07","3152","19543,74","3152","0","0","0","8,538","29,698","30,79","14","C:\Users\Miha\Namizje\DiplomaBenchmark\results\20260904_052953\autocannon\file-write_bun_run11.json","C:\Users\Miha\Namizje\DiplomaBenchmark\results\20260904_052953\docker-stats\file-write_bun_run11.csv"
"file-write","bun","12","20","30","5","191,95","164","477","525","123,21","641","103,74","3112","19295,07","3112","0","0","0","9,019","27,598","28,9","14","C:\Users\Miha\Namizje\DiplomaBenchmark\results\20260904_052953\autocannon\file-write_bun_run12.json","C:\Users\Miha\Namizje\DiplomaBenchmark\results\20260904_052953\docker-stats\file-write_bun_run12.csv"
"file-write","node","12","20","30","5","130,09","128","162","179","12,02","212","153,64","4609","28730,14","4609","0","0","0","19,091","28,8","31,04","14","C:\Users\Miha\Namizje\DiplomaBenchmark\results\20260904_052953\autocannon\file-write_node_run12.json","C:\Users\Miha\Namizje\DiplomaBenchmark\results\20260904_052953\docker-stats\file-write_node_run12.csv"
"file-write","node","13","20","30","5","133,45","130","171","206","17,91","319","149,54","4486","27962,14","4486","0","0","0","19,363","28,671","30,86","14","C:\Users\Miha\Namizje\DiplomaBenchmark\results\20260904_052953\autocannon\file-write_node_run13.json","C:\Users\Miha\Namizje\DiplomaBenchmark\results\20260904_052953\docker-stats\file-write_node_run13.csv"
"file-write","bun","13","20","30","5","202,11","165","495","580","166,77","1829","98,64","2959","18346,54","2959","0","0","0","8,289","29,101","29,92","14","C:\Users\Miha\Namizje\DiplomaBenchmark\results\20260904_052953\autocannon\file-write_bun_run13.json","C:\Users\Miha\Namizje\DiplomaBenchmark\results\20260904_052953\docker-stats\file-write_bun_run13.csv"
"file-write","bun","14","20","30","5","193,9","166","479","534","125,06","661","102,8","3084","19120,94","3084","0","0","0","9,106","28,971","30,74","14","C:\Users\Miha\Namizje\DiplomaBenchmark\results\20260904_052953\autocannon\file-write_bun_run14.json","C:\Users\Miha\Namizje\DiplomaBenchmark\results\20260904_052953\docker-stats\file-write_bun_run14.csv"
"file-write","node","14","20","30","5","130,38","128","164","170","10,97","194","153,31","4599","28668,27","4599","0","0","0","19,815","27,991","29,85","14","C:\Users\Miha\Namizje\DiplomaBenchmark\results\20260904_052953\autocannon\file-write_node_run14.json","C:\Users\Miha\Namizje\DiplomaBenchmark\results\20260904_052953\docker-stats\file-write_node_run14.csv"
"file-write","node","15","20","30","5","136,07","129","161","176","79,35","1319","146,84","4405","27458,77","4405","0","0","0","19,462","28,289","30,93","14","C:\Users\Miha\Namizje\DiplomaBenchmark\results\20260904_052953\autocannon\file-write_node_run15.json","C:\Users\Miha\Namizje\DiplomaBenchmark\results\20260904_052953\docker-stats\file-write_node_run15.csv"
"file-write","bun","15","20","30","5","253,66","172","1064","2724","396,85","4463","78,94","2368","14682,47","2368","0","0","0","7,073","28,886","29,69","14","C:\Users\Miha\Namizje\DiplomaBenchmark\results\20260904_052953\autocannon\file-write_bun_run15.json","C:\Users\Miha\Namizje\DiplomaBenchmark\results\20260904_052953\docker-stats\file-write_bun_run15.csv"
"file-write","bun","16","20","30","5","191,82","165","470","509","120,83","636","103,77","3113","19300,8","3113","0","0","0","9,204","28,665","30,02","14","C:\Users\Miha\Namizje\DiplomaBenchmark\results\20260904_052953\autocannon\file-write_bun_run16.json","C:\Users\Miha\Namizje\DiplomaBenchmark\results\20260904_052953\docker-stats\file-write_bun_run16.csv"
"file-write","node","16","20","30","5","132,27","129","167","184","12,76","218","150,84","4525","28208","4525","0","0","0","18,541","28,253","30,29","14","C:\Users\Miha\Namizje\DiplomaBenchmark\results\20260904_052953\autocannon\file-write_node_run16.json","C:\Users\Miha\Namizje\DiplomaBenchmark\results\20260904_052953\docker-stats\file-write_node_run16.csv"
"file-write","node","17","20","30","5","165,19","130","177","845","330,75","5658","121,04","3631","22633,14","3631","0","0","0","15,553","27,428","30,38","14","C:\Users\Miha\Namizje\DiplomaBenchmark\results\20260904_052953\autocannon\file-write_node_run17.json","C:\Users\Miha\Namizje\DiplomaBenchmark\results\20260904_052953\docker-stats\file-write_node_run17.csv"
"file-write","bun","17","20","30","5","190,92","162","473","526","121,31","644","104,27","3128","19393,6","3128","0","0","0","8,559","28,661","29,8","14","C:\Users\Miha\Namizje\DiplomaBenchmark\results\20260904_052953\autocannon\file-write_bun_run17.json","C:\Users\Miha\Namizje\DiplomaBenchmark\results\20260904_052953\docker-stats\file-write_bun_run17.csv"
"file-write","bun","18","20","30","5","193,06","165","477","536","123,81","641","103,27","3098","19208,54","3098","0","0","0","8,747","28,892","30,18","14","C:\Users\Miha\Namizje\DiplomaBenchmark\results\20260904_052953\autocannon\file-write_bun_run18.json","C:\Users\Miha\Namizje\DiplomaBenchmark\results\20260904_052953\docker-stats\file-write_bun_run18.csv"
"file-write","node","18","20","30","5","130,72","129","156","168","10,23","193","152,87","4586","28585,6","4586","0","0","0","19,429","28,015","30,28","14","C:\Users\Miha\Namizje\DiplomaBenchmark\results\20260904_052953\autocannon\file-write_node_run18.json","C:\Users\Miha\Namizje\DiplomaBenchmark\results\20260904_052953\docker-stats\file-write_node_run18.csv"
"file-write","node","19","20","30","5","133,65","130","160","174","36,43","661","149,44","4483","27944,14","4483","0","0","0","18,776","28,173","30,66","14","C:\Users\Miha\Namizje\DiplomaBenchmark\results\20260904_052953\autocannon\file-write_node_run19.json","C:\Users\Miha\Namizje\DiplomaBenchmark\results\20260904_052953\docker-stats\file-write_node_run19.csv"
"file-write","bun","19","20","30","5","194,25","165","482","533","125,38","686","102,57","3077","19077,07","3077","0","0","0","9,002","28,776","30,54","14","C:\Users\Miha\Namizje\DiplomaBenchmark\results\20260904_052953\autocannon\file-write_bun_run19.json","C:\Users\Miha\Namizje\DiplomaBenchmark\results\20260904_052953\docker-stats\file-write_bun_run19.csv"
"file-write","bun","20","20","30","5","194,57","166","482","539","124,57","743","102,5","3075","19065,74","3075","0","0","0","8,8","28,909","30,49","14","C:\Users\Miha\Namizje\DiplomaBenchmark\results\20260904_052953\autocannon\file-write_bun_run20.json","C:\Users\Miha\Namizje\DiplomaBenchmark\results\20260904_052953\docker-stats\file-write_bun_run20.csv"
"file-write","node","20","20","30","5","130,91","128","161","191","14,18","269","152,27","4568","28474,67","4568","0","0","0","18,99","27,979","30,59","14","C:\Users\Miha\Namizje\DiplomaBenchmark\results\20260904_052953\autocannon\file-write_node_run20.json","C:\Users\Miha\Namizje\DiplomaBenchmark\results\20260904_052953\docker-stats\file-write_node_run20.csv"
"file-write","node","21","20","30","5","173,65","131","163","536","503,59","6947","115,27","3458","21554,37","3458","0","0","0","13,537","26,662","30,04","14","C:\Users\Miha\Namizje\DiplomaBenchmark\results\20260904_052953\autocannon\file-write_node_run21.json","C:\Users\Miha\Namizje\DiplomaBenchmark\results\20260904_052953\docker-stats\file-write_node_run21.csv"
"file-write","bun","21","20","30","5","200,08","173","493","536","127,77","630","99,8","2994","18563,07","2994","0","0","0","8,515","29,456","30,52","14","C:\Users\Miha\Namizje\DiplomaBenchmark\results\20260904_052953\autocannon\file-write_bun_run21.json","C:\Users\Miha\Namizje\DiplomaBenchmark\results\20260904_052953\docker-stats\file-write_bun_run21.csv"
"file-write","bun","22","20","30","5","193,07","166","465","507","121,66","626","103,37","3101","19226,14","3101","0","0","0","8,839","28,682","29,93","14","C:\Users\Miha\Namizje\DiplomaBenchmark\results\20260904_052953\autocannon\file-write_bun_run22.json","C:\Users\Miha\Namizje\DiplomaBenchmark\results\20260904_052953\docker-stats\file-write_bun_run22.csv"
"file-write","node","22","20","30","5","134,34","131","167","179","20,58","539","146,97","4409","27482,8","4409","0","0","0","15,563","27,466","29,95","16","C:\Users\Miha\Namizje\DiplomaBenchmark\results\20260904_052953\autocannon\file-write_node_run22.json","C:\Users\Miha\Namizje\DiplomaBenchmark\results\20260904_052953\docker-stats\file-write_node_run22.csv"
"file-write","node","23","20","30","5","131,76","129","156","169","20,03","466","148,17","4445","27708,14","4445","0","0","0","18,113","28,47","31,32","14","C:\Users\Miha\Namizje\DiplomaBenchmark\results\20260904_052953\autocannon\file-write_node_run23.json","C:\Users\Miha\Namizje\DiplomaBenchmark\results\20260904_052953\docker-stats\file-write_node_run23.csv"
"file-write","bun","23","20","30","5","189,96","162","461","512","120,83","696","104,94","3148","19518,8","3148","0","0","0","8,473","28,559","29,58","14","C:\Users\Miha\Namizje\DiplomaBenchmark\results\20260904_052953\autocannon\file-write_bun_run23.json","C:\Users\Miha\Namizje\DiplomaBenchmark\results\20260904_052953\docker-stats\file-write_bun_run23.csv"
"file-write","bun","24","20","30","5","194,92","167","478","528","124,67","665","102,34","3070","19033,74","3070","0","0","0","9,008","28,847","30,29","14","C:\Users\Miha\Namizje\DiplomaBenchmark\results\20260904_052953\autocannon\file-write_bun_run24.json","C:\Users\Miha\Namizje\DiplomaBenchmark\results\20260904_052953\docker-stats\file-write_bun_run24.csv"
"file-write","node","24","20","30","5","136,56","130","164","179","64,59","1152","146,24","4387","27346,67","4387","0","0","0","18,678","29,093","30,94","14","C:\Users\Miha\Namizje\DiplomaBenchmark\results\20260904_052953\autocannon\file-write_node_run24.json","C:\Users\Miha\Namizje\DiplomaBenchmark\results\20260904_052953\docker-stats\file-write_node_run24.csv"
"file-write","node","25","20","30","5","134,12","130","169","188","28,92","532","148,97","4469","27858","4469","0","0","0","18,697","28,621","30,8","14","C:\Users\Miha\Namizje\DiplomaBenchmark\results\20260904_052953\autocannon\file-write_node_run25.json","C:\Users\Miha\Namizje\DiplomaBenchmark\results\20260904_052953\docker-stats\file-write_node_run25.csv"
"file-write","bun","25","20","30","5","193,07","165","475","514","123,33","648","103,37","3101","19226,67","3101","0","0","0","8,549","28,375","29,84","14","C:\Users\Miha\Namizje\DiplomaBenchmark\results\20260904_052953\autocannon\file-write_bun_run25.json","C:\Users\Miha\Namizje\DiplomaBenchmark\results\20260904_052953\docker-stats\file-write_bun_run25.csv"
"json","node","1","20","30","5","121,77","115","232","235","32,85","941","163,6","4908","30594,14","4908","0","0","0","102,857","83,301","91,84","14","C:\Users\Miha\Namizje\DiplomaBenchmark\results\20260904_052953\autocannon\json_node_run1.json","C:\Users\Miha\Namizje\DiplomaBenchmark\results\20260904_052953\docker-stats\json_node_run1.csv"
"json","bun","1","20","30","5","86,49","82","164","167","21,27","332","230,04","6901","42784","6901","0","0","0","97,097","87,344","97,12","14","C:\Users\Miha\Namizje\DiplomaBenchmark\results\20260904_052953\autocannon\json_bun_run1.json","C:\Users\Miha\Namizje\DiplomaBenchmark\results\20260904_052953\docker-stats\json_bun_run1.csv"
"json","bun","2","20","30","5","87,6","83","167","170","18,55","191","227,14","6814","42248,54","6814","0","0","0","98,852","86,794","97,4","14","C:\Users\Miha\Namizje\DiplomaBenchmark\results\20260904_052953\autocannon\json_bun_run2.json","C:\Users\Miha\Namizje\DiplomaBenchmark\results\20260904_052953\docker-stats\json_bun_run2.csv"
"json","node","2","20","30","5","120,11","114","228","231","34,24","1023","165,9","4977","31022,94","4977","0","0","0","102,658","80,903","89,27","14","C:\Users\Miha\Namizje\DiplomaBenchmark\results\20260904_052953\autocannon\json_node_run2.json","C:\Users\Miha\Namizje\DiplomaBenchmark\results\20260904_052953\docker-stats\json_node_run2.csv"
"json","node","3","20","30","5","120,51","114","229","232","33,13","990","165,44","4963","30936,54","4963","0","0","0","103,324","82,441","89,4","14","C:\Users\Miha\Namizje\DiplomaBenchmark\results\20260904_052953\autocannon\json_node_run3.json","C:\Users\Miha\Namizje\DiplomaBenchmark\results\20260904_052953\docker-stats\json_node_run3.csv"
"json","bun","3","20","30","5","88,79","84","169","172","18,94","204","224,07","6722","41681,07","6722","0","0","0","98,085","83,108","94,49","14","C:\Users\Miha\Namizje\DiplomaBenchmark\results\20260904_052953\autocannon\json_bun_run3.json","C:\Users\Miha\Namizje\DiplomaBenchmark\results\20260904_052953\docker-stats\json_bun_run3.csv"
"json","bun","4","20","30","5","88,83","84","169","172","18,96","190","223,97","6719","41660,81","6719","0","0","0","98,236","85,22","95,46","14","C:\Users\Miha\Namizje\DiplomaBenchmark\results\20260904_052953\autocannon\json_bun_run4.json","C:\Users\Miha\Namizje\DiplomaBenchmark\results\20260904_052953\docker-stats\json_bun_run4.csv"
"json","node","4","20","30","5","119,91","114","228","231","36,73","1088","166,1","4983","31060,8","4983","0","0","0","102,516","80,762","90,82","14","C:\Users\Miha\Namizje\DiplomaBenchmark\results\20260904_052953\autocannon\json_node_run4.json","C:\Users\Miha\Namizje\DiplomaBenchmark\results\20260904_052953\docker-stats\json_node_run4.csv"
"json","node","5","20","30","5","123,72","117","235","239","34,75","1002","161,07","4832","30120,54","4832","0","0","0","103,488","74,778","83,96","14","C:\Users\Miha\Namizje\DiplomaBenchmark\results\20260904_052953\autocannon\json_node_run5.json","C:\Users\Miha\Namizje\DiplomaBenchmark\results\20260904_052953\docker-stats\json_node_run5.csv"
"json","bun","5","20","30","5","87,47","83","166","169","18,5","187","227,47","6824","42311,47","6824","0","0","0","98,259","83,014","90,71","14","C:\Users\Miha\Namizje\DiplomaBenchmark\results\20260904_052953\autocannon\json_bun_run5.json","C:\Users\Miha\Namizje\DiplomaBenchmark\results\20260904_052953\docker-stats\json_bun_run5.csv"
"json","bun","6","20","30","5","88,49","83","168","172","21,35","333","224,8","6744","41814,4","6744","0","0","0","98,502","92,696","102,5","14","C:\Users\Miha\Namizje\DiplomaBenchmark\results\20260904_052953\autocannon\json_bun_run6.json","C:\Users\Miha\Namizje\DiplomaBenchmark\results\20260904_052953\docker-stats\json_bun_run6.csv"
"json","node","6","20","30","5","119,69","113","227","230","35,35","1033","166,44","4993","31123,2","4993","0","0","0","102,317","83,127","89,07","14","C:\Users\Miha\Namizje\DiplomaBenchmark\results\20260904_052953\autocannon\json_node_run6.json","C:\Users\Miha\Namizje\DiplomaBenchmark\results\20260904_052953\docker-stats\json_node_run6.csv"
"json","node","7","20","30","5","117,91","112","224","228","27,69","741","169","5070","31602,14","5070","0","0","0","101,548","89,906","95,71","14","C:\Users\Miha\Namizje\DiplomaBenchmark\results\20260904_052953\autocannon\json_node_run7.json","C:\Users\Miha\Namizje\DiplomaBenchmark\results\20260904_052953\docker-stats\json_node_run7.csv"
"json","bun","7","20","30","5","86,1","82","164","167","18,41","205","231,04","6931","42973,87","6931","0","0","0","98,315","90,569","99,36","14","C:\Users\Miha\Namizje\DiplomaBenchmark\results\20260904_052953\autocannon\json_bun_run7.json","C:\Users\Miha\Namizje\DiplomaBenchmark\results\20260904_052953\docker-stats\json_bun_run7.csv"
"json","bun","8","20","30","5","86,85","82","165","169","18,8","216","228,94","6868","42581,34","6868","0","0","0","97,393","88,17","98,15","14","C:\Users\Miha\Namizje\DiplomaBenchmark\results\20260904_052953\autocannon\json_bun_run8.json","C:\Users\Miha\Namizje\DiplomaBenchmark\results\20260904_052953\docker-stats\json_bun_run8.csv"
"json","node","8","20","30","5","121,2","115","230","233","32,15","891","164,44","4933","30749,87","4933","0","0","0","102,801","81,707","90,12","14","C:\Users\Miha\Namizje\DiplomaBenchmark\results\20260904_052953\autocannon\json_node_run8.json","C:\Users\Miha\Namizje\DiplomaBenchmark\results\20260904_052953\docker-stats\json_node_run8.csv"
"json","node","9","20","30","5","118,64","112","226","230","26,96","605","167,9","5037","31397,87","5037","0","0","0","101,257","82,555","89,27","14","C:\Users\Miha\Namizje\DiplomaBenchmark\results\20260904_052953\autocannon\json_node_run9.json","C:\Users\Miha\Namizje\DiplomaBenchmark\results\20260904_052953\docker-stats\json_node_run9.csv"
"json","bun","9","20","30","5","89,66","85","170","174","19,05","191","221,87","6656","41268,27","6656","0","0","0","98,67","82,253","89,61","14","C:\Users\Miha\Namizje\DiplomaBenchmark\results\20260904_052953\autocannon\json_bun_run9.json","C:\Users\Miha\Namizje\DiplomaBenchmark\results\20260904_052953\docker-stats\json_bun_run9.csv"
"json","bun","10","20","30","5","87,73","83","166","170","18,56","209","226,8","6804","42188,8","6804","0","0","0","96,637","88,502","101,4","14","C:\Users\Miha\Namizje\DiplomaBenchmark\results\20260904_052953\autocannon\json_bun_run10.json","C:\Users\Miha\Namizje\DiplomaBenchmark\results\20260904_052953\docker-stats\json_bun_run10.csv"
"json","node","10","20","30","5","120,68","115","229","232","35,49","1051","165,14","4954","30880,54","4954","0","0","0","103,109","81,544","86,52","14","C:\Users\Miha\Namizje\DiplomaBenchmark\results\20260904_052953\autocannon\json_node_run10.json","C:\Users\Miha\Namizje\DiplomaBenchmark\results\20260904_052953\docker-stats\json_node_run10.csv"
"json","node","11","20","30","5","120,9","115","229","234","32,63","941","164,8","4944","30817,07","4944","0","0","0","102,358","82,492","91,32","14","C:\Users\Miha\Namizje\DiplomaBenchmark\results\20260904_052953\autocannon\json_node_run11.json","C:\Users\Miha\Namizje\DiplomaBenchmark\results\20260904_052953\docker-stats\json_node_run11.csv"
"json","bun","11","20","30","5","90,77","86","173","176","19,3","196","219,17","6575","40763,74","6575","0","0","0","98,184","81,157","92,35","14","C:\Users\Miha\Namizje\DiplomaBenchmark\results\20260904_052953\autocannon\json_bun_run11.json","C:\Users\Miha\Namizje\DiplomaBenchmark\results\20260904_052953\docker-stats\json_bun_run11.csv"
"json","bun","12","20","30","5","88,74","84","169","172","18,75","207","224,2","6726","41706,67","6726","0","0","0","98,239","90,489","103,6","14","C:\Users\Miha\Namizje\DiplomaBenchmark\results\20260904_052953\autocannon\json_bun_run12.json","C:\Users\Miha\Namizje\DiplomaBenchmark\results\20260904_052953\docker-stats\json_bun_run12.csv"
"json","node","12","20","30","5","118,79","113","225","230","32,85","971","167,77","5033","31371,2","5033","0","0","0","102,926","89,514","96,76","14","C:\Users\Miha\Namizje\DiplomaBenchmark\results\20260904_052953\autocannon\json_node_run12.json","C:\Users\Miha\Namizje\DiplomaBenchmark\results\20260904_052953\docker-stats\json_node_run12.csv"
"json","node","13","20","30","5","119,39","113","227","231","30,38","863","166,97","5009","31223,47","5009","0","0","0","101,109","81,662","89,66","14","C:\Users\Miha\Namizje\DiplomaBenchmark\results\20260904_052953\autocannon\json_node_run13.json","C:\Users\Miha\Namizje\DiplomaBenchmark\results\20260904_052953\docker-stats\json_node_run13.csv"
"json","bun","13","20","30","5","89,49","85","170","174","19,76","358","222,34","6670","41352,54","6670","0","0","0","97,463","84,169","91,66","14","C:\Users\Miha\Namizje\DiplomaBenchmark\results\20260904_052953\autocannon\json_bun_run13.json","C:\Users\Miha\Namizje\DiplomaBenchmark\results\20260904_052953\docker-stats\json_bun_run13.csv"
"json","bun","14","20","30","5","88,38","84","168","171","18,69","189","225,2","6756","41886,94","6756","0","0","0","98,611","82,252","90,57","14","C:\Users\Miha\Namizje\DiplomaBenchmark\results\20260904_052953\autocannon\json_bun_run14.json","C:\Users\Miha\Namizje\DiplomaBenchmark\results\20260904_052953\docker-stats\json_bun_run14.csv"
"json","node","14","20","30","5","119,2","113","227","229","33,16","986","167,17","5015","31261,34","5015","0","0","0","102,606","85,225","91,84","14","C:\Users\Miha\Namizje\DiplomaBenchmark\results\20260904_052953\autocannon\json_node_run14.json","C:\Users\Miha\Namizje\DiplomaBenchmark\results\20260904_052953\docker-stats\json_node_run14.csv"
"json","node","15","20","30","5","119,67","114","227","230","28,34","626","166,5","4995","31135,47","4995","0","0","0","102,761","83,243","90,8","14","C:\Users\Miha\Namizje\DiplomaBenchmark\results\20260904_052953\autocannon\json_node_run15.json","C:\Users\Miha\Namizje\DiplomaBenchmark\results\20260904_052953\docker-stats\json_node_run15.csv"
"json","bun","15","20","30","5","88,32","84","168","171","18,84","197","225,24","6757","41898,67","6757","0","0","0","97,127","89,604","98,43","14","C:\Users\Miha\Namizje\DiplomaBenchmark\results\20260904_052953\autocannon\json_bun_run15.json","C:\Users\Miha\Namizje\DiplomaBenchmark\results\20260904_052953\docker-stats\json_bun_run15.csv"
"json","bun","16","20","30","5","86,93","82","165","169","21,03","254","229","6870","42597,34","6870","0","0","0","97,998","88,826","97,52","14","C:\Users\Miha\Namizje\DiplomaBenchmark\results\20260904_052953\autocannon\json_bun_run16.json","C:\Users\Miha\Namizje\DiplomaBenchmark\results\20260904_052953\docker-stats\json_bun_run16.csv"
"json","node","16","20","30","5","118,38","112","225","229","28,42","779","168,3","5049","31470,94","5049","0","0","0","100,937","87,071","93,79","14","C:\Users\Miha\Namizje\DiplomaBenchmark\results\20260904_052953\autocannon\json_node_run16.json","C:\Users\Miha\Namizje\DiplomaBenchmark\results\20260904_052953\docker-stats\json_node_run16.csv"
"json","node","17","20","30","5","119,11","113","226","231","29,97","872","167,27","5018","31279,47","5018","0","0","0","100,911","82,707","89,26","14","C:\Users\Miha\Namizje\DiplomaBenchmark\results\20260904_052953\autocannon\json_node_run17.json","C:\Users\Miha\Namizje\DiplomaBenchmark\results\20260904_052953\docker-stats\json_node_run17.csv"
"json","bun","17","20","30","5","88,48","84","169","172","18,82","226","224,8","6744","41816,54","6744","0","0","0","97,917","86,614","97,26","14","C:\Users\Miha\Namizje\DiplomaBenchmark\results\20260904_052953\autocannon\json_bun_run17.json","C:\Users\Miha\Namizje\DiplomaBenchmark\results\20260904_052953\docker-stats\json_bun_run17.csv"
"json","bun","18","20","30","5","88,15","84","167","171","18,65","202","225,67","6770","41978,67","6770","0","0","0","97,138","87,096","95,01","14","C:\Users\Miha\Namizje\DiplomaBenchmark\results\20260904_052953\autocannon\json_bun_run18.json","C:\Users\Miha\Namizje\DiplomaBenchmark\results\20260904_052953\docker-stats\json_bun_run18.csv"
"json","node","18","20","30","5","118,29","112","224","229","30,27","861","168,47","5054","31503,47","5054","0","0","0","102,021","85,124","91,8","14","C:\Users\Miha\Namizje\DiplomaBenchmark\results\20260904_052953\autocannon\json_node_run18.json","C:\Users\Miha\Namizje\DiplomaBenchmark\results\20260904_052953\docker-stats\json_node_run18.csv"
"json","node","19","20","30","5","119,69","114","227","231","33,46","1002","166,47","4994","31129,07","4994","0","0","0","102,565","82,566","92,25","14","C:\Users\Miha\Namizje\DiplomaBenchmark\results\20260904_052953\autocannon\json_node_run19.json","C:\Users\Miha\Namizje\DiplomaBenchmark\results\20260904_052953\docker-stats\json_node_run19.csv"
"json","bun","19","20","30","5","87,77","83","167","170","18,59","186","226,6","6798","42149,34","6798","0","0","0","98,39","83,002","90,19","14","C:\Users\Miha\Namizje\DiplomaBenchmark\results\20260904_052953\autocannon\json_bun_run19.json","C:\Users\Miha\Namizje\DiplomaBenchmark\results\20260904_052953\docker-stats\json_bun_run19.csv"
"json","bun","20","20","30","5","86,67","81","164","168","25,81","569","229,57","6887","42700,8","6887","0","0","0","97,514","91,547","107,8","14","C:\Users\Miha\Namizje\DiplomaBenchmark\results\20260904_052953\autocannon\json_bun_run20.json","C:\Users\Miha\Namizje\DiplomaBenchmark\results\20260904_052953\docker-stats\json_bun_run20.csv"
"json","node","20","20","30","5","120,2","114","228","233","32,48","930","165,77","4973","30998,4","4973","0","0","0","103,404","81,414","88,06","14","C:\Users\Miha\Namizje\DiplomaBenchmark\results\20260904_052953\autocannon\json_node_run20.json","C:\Users\Miha\Namizje\DiplomaBenchmark\results\20260904_052953\docker-stats\json_node_run20.csv"
"json","node","21","20","30","5","118,44","112","225","230","27,76","716","168,34","5050","31478,4","5050","0","0","0","101,22","81,953","89,27","14","C:\Users\Miha\Namizje\DiplomaBenchmark\results\20260904_052953\autocannon\json_node_run21.json","C:\Users\Miha\Namizje\DiplomaBenchmark\results\20260904_052953\docker-stats\json_node_run21.csv"
"json","bun","21","20","30","5","87,77","83","166","170","21,47","329","226,74","6802","42176","6802","0","0","0","98,42","90,53","96,62","14","C:\Users\Miha\Namizje\DiplomaBenchmark\results\20260904_052953\autocannon\json_bun_run21.json","C:\Users\Miha\Namizje\DiplomaBenchmark\results\20260904_052953\docker-stats\json_bun_run21.csv"
"json","bun","22","20","30","5","87,4","83","166","169","18,58","188","227,64","6829","42342,4","6829","0","0","0","98,026","84,687","94,38","14","C:\Users\Miha\Namizje\DiplomaBenchmark\results\20260904_052953\autocannon\json_bun_run22.json","C:\Users\Miha\Namizje\DiplomaBenchmark\results\20260904_052953\docker-stats\json_bun_run22.csv"
"json","node","22","20","30","5","120,75","114","228","234","35,02","1011","165,04","4951","30860,27","4951","0","0","0","102,503","83,222","89,31","14","C:\Users\Miha\Namizje\DiplomaBenchmark\results\20260904_052953\autocannon\json_node_run22.json","C:\Users\Miha\Namizje\DiplomaBenchmark\results\20260904_052953\docker-stats\json_node_run22.csv"
"json","node","23","20","30","5","119,55","113","226","231","31,75","958","166,7","5001","31173,34","5001","0","0","0","101,058","80,669","89,85","14","C:\Users\Miha\Namizje\DiplomaBenchmark\results\20260904_052953\autocannon\json_node_run23.json","C:\Users\Miha\Namizje\DiplomaBenchmark\results\20260904_052953\docker-stats\json_node_run23.csv"
"json","bun","23","20","30","5","88,72","84","168","172","18,89","209","224,27","6728","41716,27","6728","0","0","0","98,31","87,966","101,1","14","C:\Users\Miha\Namizje\DiplomaBenchmark\results\20260904_052953\autocannon\json_bun_run23.json","C:\Users\Miha\Namizje\DiplomaBenchmark\results\20260904_052953\docker-stats\json_bun_run23.csv"
"json","bun","24","20","30","5","88,5","84","168","171","18,86","192","224,84","6745","41820,81","6745","0","0","0","98,243","84,466","92,02","14","C:\Users\Miha\Namizje\DiplomaBenchmark\results\20260904_052953\autocannon\json_bun_run24.json","C:\Users\Miha\Namizje\DiplomaBenchmark\results\20260904_052953\docker-stats\json_bun_run24.csv"
"json","node","24","20","30","5","119,4","113","227","231","33,3","991","166,87","5006","31203,74","5006","0","0","0","101,224","80,554","89,12","14","C:\Users\Miha\Namizje\DiplomaBenchmark\results\20260904_052953\autocannon\json_node_run24.json","C:\Users\Miha\Namizje\DiplomaBenchmark\results\20260904_052953\docker-stats\json_node_run24.csv"
"json","node","25","20","30","5","118,05","112","224","228","27,48","660","168,8","5064","31566,4","5064","0","0","0","101,126","84,686","89,12","14","C:\Users\Miha\Namizje\DiplomaBenchmark\results\20260904_052953\autocannon\json_node_run25.json","C:\Users\Miha\Namizje\DiplomaBenchmark\results\20260904_052953\docker-stats\json_node_run25.csv"
"json","bun","25","20","30","5","88,25","84","168","171","18,98","235","225,47","6764","41939,2","6764","0","0","0","98,894","86,012","97,72","14","C:\Users\Miha\Namizje\DiplomaBenchmark\results\20260904_052953\autocannon\json_bun_run25.json","C:\Users\Miha\Namizje\DiplomaBenchmark\results\20260904_052953\docker-stats\json_bun_run25.csv"
"auth","node","1","10","30","5","133,62","120","244","247","38,98","430","74,64","2239","13808,54","2239","0","0","0","93,547","26,314","30,96","14","C:\Users\Miha\Namizje\DiplomaBenchmark\results\20260904_052953\autocannon\auth_node_run1.json","C:\Users\Miha\Namizje\DiplomaBenchmark\results\20260904_052953\docker-stats\auth_node_run1.csv"
"auth","bun","1","10","30","5","131,44","119","242","251","34,98","257","75,87","2276","13963,47","2276","0","0","0","93,389","31,599","32,48","14","C:\Users\Miha\Namizje\DiplomaBenchmark\results\20260904_052953\autocannon\auth_bun_run1.json","C:\Users\Miha\Namizje\DiplomaBenchmark\results\20260904_052953\docker-stats\auth_bun_run1.csv"
"auth","bun","2","10","30","5","131,61","119","242","251","34,96","268","75,84","2275","13957,34","2275","0","0","0","93,568","31,406","32,28","14","C:\Users\Miha\Namizje\DiplomaBenchmark\results\20260904_052953\autocannon\auth_bun_run2.json","C:\Users\Miha\Namizje\DiplomaBenchmark\results\20260904_052953\docker-stats\auth_bun_run2.csv"
"auth","node","2","10","30","5","133,42","120","244","247","40,59","588","74,8","2244","13839,2","2244","0","0","0","93,559","27,016","27,44","14","C:\Users\Miha\Namizje\DiplomaBenchmark\results\20260904_052953\autocannon\auth_node_run2.json","C:\Users\Miha\Namizje\DiplomaBenchmark\results\20260904_052953\docker-stats\auth_node_run2.csv"
"auth","node","3","10","30","5","133,32","120","244","247","40,07","549","74,87","2246","13851,47","2246","0","0","0","93,836","27,145","30,28","14","C:\Users\Miha\Namizje\DiplomaBenchmark\results\20260904_052953\autocannon\auth_node_run3.json","C:\Users\Miha\Namizje\DiplomaBenchmark\results\20260904_052953\docker-stats\auth_node_run3.csv"
"auth","bun","3","10","30","5","131,56","119","242","250","34,91","260","75,91","2277","13969,6","2277","0","0","0","93,473","31,705","32,5","14","C:\Users\Miha\Namizje\DiplomaBenchmark\results\20260904_052953\autocannon\auth_bun_run3.json","C:\Users\Miha\Namizje\DiplomaBenchmark\results\20260904_052953\docker-stats\auth_bun_run3.csv"
"auth","bun","4","10","30","5","131,71","119","242","249","35,64","259","75,77","2273","13945,07","2273","0","0","0","93,437","30,929","31,62","14","C:\Users\Miha\Namizje\DiplomaBenchmark\results\20260904_052953\autocannon\auth_bun_run4.json","C:\Users\Miha\Namizje\DiplomaBenchmark\results\20260904_052953\docker-stats\auth_bun_run4.csv"
"auth","node","4","10","30","5","133,14","120","244","247","40,99","614","75,04","2251","13882,14","2251","0","0","0","93,643","26,621","27,04","14","C:\Users\Miha\Namizje\DiplomaBenchmark\results\20260904_052953\autocannon\auth_node_run4.json","C:\Users\Miha\Namizje\DiplomaBenchmark\results\20260904_052953\docker-stats\auth_node_run4.csv"
"auth","node","5","10","30","5","133,59","120","244","248","41,38","628","74,8","2244","13839,2","2244","0","0","0","93,601","27,144","27,75","14","C:\Users\Miha\Namizje\DiplomaBenchmark\results\20260904_052953\autocannon\auth_node_run5.json","C:\Users\Miha\Namizje\DiplomaBenchmark\results\20260904_052953\docker-stats\auth_node_run5.csv"
"auth","bun","5","10","30","5","131,44","119","241","251","35,21","258","75,97","2279","13981,87","2279","0","0","0","93,505","31,131","32,43","14","C:\Users\Miha\Namizje\DiplomaBenchmark\results\20260904_052953\autocannon\auth_bun_run5.json","C:\Users\Miha\Namizje\DiplomaBenchmark\results\20260904_052953\docker-stats\auth_bun_run5.csv"
"auth","bun","6","10","30","5","131,74","119","241","250","35,22","267","75,74","2272","13938,94","2272","0","0","0","93,606","30,598","32,09","14","C:\Users\Miha\Namizje\DiplomaBenchmark\results\20260904_052953\autocannon\auth_bun_run6.json","C:\Users\Miha\Namizje\DiplomaBenchmark\results\20260904_052953\docker-stats\auth_bun_run6.csv"
"auth","node","6","10","30","5","133,18","120","243","247","40,67","600","75","2250","13876","2250","0","0","0","93,596","27,5","28,41","14","C:\Users\Miha\Namizje\DiplomaBenchmark\results\20260904_052953\autocannon\auth_node_run6.json","C:\Users\Miha\Namizje\DiplomaBenchmark\results\20260904_052953\docker-stats\auth_node_run6.csv"
"auth","node","7","10","30","5","133,51","120","244","248","41,43","634","74,74","2242","13826,94","2242","0","0","0","93,782","27,581","28,1","14","C:\Users\Miha\Namizje\DiplomaBenchmark\results\20260904_052953\autocannon\auth_node_run7.json","C:\Users\Miha\Namizje\DiplomaBenchmark\results\20260904_052953\docker-stats\auth_node_run7.csv"
"auth","bun","7","10","30","5","131,56","119","241","250","34,99","257","75,84","2275","13957,34","2275","0","0","0","93,62","30,868","32,21","14","C:\Users\Miha\Namizje\DiplomaBenchmark\results\20260904_052953\autocannon\auth_bun_run7.json","C:\Users\Miha\Namizje\DiplomaBenchmark\results\20260904_052953\docker-stats\auth_bun_run7.csv"
"auth","bun","8","10","30","5","131,69","119","242","250","34,79","269","75,74","2272","13938,94","2272","0","0","0","93,674","31,868","32,58","14","C:\Users\Miha\Namizje\DiplomaBenchmark\results\20260904_052953\autocannon\auth_bun_run8.json","C:\Users\Miha\Namizje\DiplomaBenchmark\results\20260904_052953\docker-stats\auth_bun_run8.csv"
"auth","node","8","10","30","5","133,41","120","243","247","40,04","551","74,77","2243","13833,07","2243","0","0","0","93,548","27,039","27,62","14","C:\Users\Miha\Namizje\DiplomaBenchmark\results\20260904_052953\autocannon\auth_node_run8.json","C:\Users\Miha\Namizje\DiplomaBenchmark\results\20260904_052953\docker-stats\auth_node_run8.csv"
"auth","node","9","10","30","5","133,54","120","244","248","41,34","627","74,8","2244","13839,2","2244","0","0","0","93,706","28,411","29,12","14","C:\Users\Miha\Namizje\DiplomaBenchmark\results\20260904_052953\autocannon\auth_node_run9.json","C:\Users\Miha\Namizje\DiplomaBenchmark\results\20260904_052953\docker-stats\auth_node_run9.csv"
"auth","bun","9","10","30","5","131,79","119","242","250","35,04","260","75,74","2272","13938,94","2272","0","0","0","93,353","31,279","32,41","14","C:\Users\Miha\Namizje\DiplomaBenchmark\results\20260904_052953\autocannon\auth_bun_run9.json","C:\Users\Miha\Namizje\DiplomaBenchmark\results\20260904_052953\docker-stats\auth_bun_run9.csv"
"auth","bun","10","10","30","5","131,47","119","241","251","34,83","260","75,91","2277","13969,6","2277","0","0","0","93,729","31,506","32,34","14","C:\Users\Miha\Namizje\DiplomaBenchmark\results\20260904_052953\autocannon\auth_bun_run10.json","C:\Users\Miha\Namizje\DiplomaBenchmark\results\20260904_052953\docker-stats\auth_bun_run10.csv"
"auth","node","10","10","30","5","133,37","120","243","246","38,47","350","74,77","2243","13833,07","2243","0","0","0","93,445","26,904","29,77","14","C:\Users\Miha\Namizje\DiplomaBenchmark\results\20260904_052953\autocannon\auth_node_run10.json","C:\Users\Miha\Namizje\DiplomaBenchmark\results\20260904_052953\docker-stats\auth_node_run10.csv"
"auth","node","11","10","30","5","135,28","122","248","256","42,12","646","73,77","2213","13648,54","2213","0","0","0","93,384","28,166","29,73","14","C:\Users\Miha\Namizje\DiplomaBenchmark\results\20260904_052953\autocannon\auth_node_run11.json","C:\Users\Miha\Namizje\DiplomaBenchmark\results\20260904_052953\docker-stats\auth_node_run11.csv"
"auth","bun","11","10","30","5","131,1","118","241","249","34,85","257","76,1","2283","14006,4","2283","0","0","0","93,386","31,327","32,28","14","C:\Users\Miha\Namizje\DiplomaBenchmark\results\20260904_052953\autocannon\auth_bun_run11.json","C:\Users\Miha\Namizje\DiplomaBenchmark\results\20260904_052953\docker-stats\auth_bun_run11.csv"
"auth","bun","12","10","30","5","131,55","119","242","249","35,03","262","75,84","2275","13957,34","2275","0","0","0","93,481","31,778","32,66","14","C:\Users\Miha\Namizje\DiplomaBenchmark\results\20260904_052953\autocannon\auth_bun_run12.json","C:\Users\Miha\Namizje\DiplomaBenchmark\results\20260904_052953\docker-stats\auth_bun_run12.csv"
"auth","node","12","10","30","5","133,7","120","244","248","40,78","595","74,64","2239","13808,54","2239","0","0","0","93,572","26,669","27,85","14","C:\Users\Miha\Namizje\DiplomaBenchmark\results\20260904_052953\autocannon\auth_node_run12.json","C:\Users\Miha\Namizje\DiplomaBenchmark\results\20260904_052953\docker-stats\auth_node_run12.csv"
"auth","node","13","10","30","5","133,53","120","243","246","38,3","257","74,7","2241","13820,8","2241","0","0","0","93,77","26,938","27,53","14","C:\Users\Miha\Namizje\DiplomaBenchmark\results\20260904_052953\autocannon\auth_node_run13.json","C:\Users\Miha\Namizje\DiplomaBenchmark\results\20260904_052953\docker-stats\auth_node_run13.csv"
"auth","bun","13","10","30","5","131,39","119","240","250","35,12","257","76","2280","13988","2280","0","0","0","93,527","31,004","32,11","14","C:\Users\Miha\Namizje\DiplomaBenchmark\results\20260904_052953\autocannon\auth_bun_run13.json","C:\Users\Miha\Namizje\DiplomaBenchmark\results\20260904_052953\docker-stats\auth_bun_run13.csv"
"auth","bun","14","10","30","5","131,45","119","242","251","34,93","265","75,87","2276","13963,47","2276","0","0","0","93,571","31,257","32,41","14","C:\Users\Miha\Namizje\DiplomaBenchmark\results\20260904_052953\autocannon\auth_bun_run14.json","C:\Users\Miha\Namizje\DiplomaBenchmark\results\20260904_052953\docker-stats\auth_bun_run14.csv"
"auth","node","14","10","30","5","133,65","120","244","247","41,08","609","74,77","2243","13833,07","2243","0","0","0","93,526","27,621","28,14","14","C:\Users\Miha\Namizje\DiplomaBenchmark\results\20260904_052953\autocannon\auth_node_run14.json","C:\Users\Miha\Namizje\DiplomaBenchmark\results\20260904_052953\docker-stats\auth_node_run14.csv"
"auth","node","15","10","30","5","133,49","120","244","248","40,7","594","74,8","2244","13839,2","2244","0","0","0","93,713","27,665","28,05","14","C:\Users\Miha\Namizje\DiplomaBenchmark\results\20260904_052953\autocannon\auth_node_run15.json","C:\Users\Miha\Namizje\DiplomaBenchmark\results\20260904_052953\docker-stats\auth_node_run15.csv"
"auth","bun","15","10","30","5","131,29","118","241","249","35,28","262","76,1","2283","14006,4","2283","0","0","0","93,613","30,836","31,75","14","C:\Users\Miha\Namizje\DiplomaBenchmark\results\20260904_052953\autocannon\auth_bun_run15.json","C:\Users\Miha\Namizje\DiplomaBenchmark\results\20260904_052953\docker-stats\auth_bun_run15.csv"
"auth","bun","16","10","30","5","131,11","118","240","249","34,53","265","76,07","2282","14000,27","2282","0","0","0","93,628","31,135","32,32","14","C:\Users\Miha\Namizje\DiplomaBenchmark\results\20260904_052953\autocannon\auth_bun_run16.json","C:\Users\Miha\Namizje\DiplomaBenchmark\results\20260904_052953\docker-stats\auth_bun_run16.csv"
"auth","node","16","10","30","5","133,48","120","244","247","41,09","616","74,84","2245","13845,34","2245","0","0","0","93,457","27,676","27,96","14","C:\Users\Miha\Namizje\DiplomaBenchmark\results\20260904_052953\autocannon\auth_node_run16.json","C:\Users\Miha\Namizje\DiplomaBenchmark\results\20260904_052953\docker-stats\auth_node_run16.csv"
"auth","node","17","10","30","5","133,72","120","244","247","40,14","545","74,6","2238","13802,4","2238","0","0","0","93,452","27,561","28,98","14","C:\Users\Miha\Namizje\DiplomaBenchmark\results\20260904_052953\autocannon\auth_node_run17.json","C:\Users\Miha\Namizje\DiplomaBenchmark\results\20260904_052953\docker-stats\auth_node_run17.csv"
"auth","bun","17","10","30","5","131,47","119","241","249","35,06","259","75,91","2277","13969,6","2277","0","0","0","93,663","31,538","32,72","14","C:\Users\Miha\Namizje\DiplomaBenchmark\results\20260904_052953\autocannon\auth_bun_run17.json","C:\Users\Miha\Namizje\DiplomaBenchmark\results\20260904_052953\docker-stats\auth_bun_run17.csv"
"auth","bun","18","10","30","5","131,49","119","241","250","34,93","266","75,94","2278","13975,74","2278","0","0","0","93,53","32,174","32,93","14","C:\Users\Miha\Namizje\DiplomaBenchmark\results\20260904_052953\autocannon\auth_bun_run18.json","C:\Users\Miha\Namizje\DiplomaBenchmark\results\20260904_052953\docker-stats\auth_bun_run18.csv"
"auth","node","18","10","30","5","133,39","120","244","247","40,6","589","74,87","2246","13851,47","2246","0","0","0","93,47","27,834","29,12","14","C:\Users\Miha\Namizje\DiplomaBenchmark\results\20260904_052953\autocannon\auth_node_run18.json","C:\Users\Miha\Namizje\DiplomaBenchmark\results\20260904_052953\docker-stats\auth_node_run18.csv"
"auth","node","19","10","30","5","133,55","120","244","249","41,38","631","74,64","2239","13808,54","2239","0","0","0","93,653","26,888","27,35","14","C:\Users\Miha\Namizje\DiplomaBenchmark\results\20260904_052953\autocannon\auth_node_run19.json","C:\Users\Miha\Namizje\DiplomaBenchmark\results\20260904_052953\docker-stats\auth_node_run19.csv"
"auth","bun","19","10","30","5","131,03","118","240","249","34,71","263","76,2","2286","14024,8","2286","0","0","0","93,704","31,089","32,18","14","C:\Users\Miha\Namizje\DiplomaBenchmark\results\20260904_052953\autocannon\auth_bun_run19.json","C:\Users\Miha\Namizje\DiplomaBenchmark\results\20260904_052953\docker-stats\auth_bun_run19.csv"
"auth","bun","20","10","30","5","131,72","119","242","250","35,24","264","75,77","2273","13945,07","2273","0","0","0","93,46","32,132","32,8","14","C:\Users\Miha\Namizje\DiplomaBenchmark\results\20260904_052953\autocannon\auth_bun_run20.json","C:\Users\Miha\Namizje\DiplomaBenchmark\results\20260904_052953\docker-stats\auth_bun_run20.csv"
"auth","node","20","10","30","5","133,54","120","244","247","38,53","354","74,77","2243","13833,07","2243","0","0","0","93,633","26,856","28,68","14","C:\Users\Miha\Namizje\DiplomaBenchmark\results\20260904_052953\autocannon\auth_node_run20.json","C:\Users\Miha\Namizje\DiplomaBenchmark\results\20260904_052953\docker-stats\auth_node_run20.csv"
"auth","node","21","10","30","5","133,37","120","243","248","41,36","633","74,84","2245","13845,34","2245","0","0","0","93,768","27,746","32,53","14","C:\Users\Miha\Namizje\DiplomaBenchmark\results\20260904_052953\autocannon\auth_node_run21.json","C:\Users\Miha\Namizje\DiplomaBenchmark\results\20260904_052953\docker-stats\auth_node_run21.csv"
"auth","bun","21","10","30","5","131,95","120","242","251","35,15","259","75,6","2268","13914,4","2268","0","0","0","93,272","31,019","32,08","14","C:\Users\Miha\Namizje\DiplomaBenchmark\results\20260904_052953\autocannon\auth_bun_run21.json","C:\Users\Miha\Namizje\DiplomaBenchmark\results\20260904_052953\docker-stats\auth_bun_run21.csv"
"auth","bun","22","10","30","5","131,42","119","241","250","34,93","270","76,07","2282","14000,27","2282","0","0","0","93,749","30,981","32","14","C:\Users\Miha\Namizje\DiplomaBenchmark\results\20260904_052953\autocannon\auth_bun_run22.json","C:\Users\Miha\Namizje\DiplomaBenchmark\results\20260904_052953\docker-stats\auth_bun_run22.csv"
"auth","node","22","10","30","5","133,58","120","244","247","40,09","548","74,74","2242","13826,94","2242","0","0","0","93,505","27,25","28,14","14","C:\Users\Miha\Namizje\DiplomaBenchmark\results\20260904_052953\autocannon\auth_node_run22.json","C:\Users\Miha\Namizje\DiplomaBenchmark\results\20260904_052953\docker-stats\auth_node_run22.csv"
"auth","node","23","10","30","5","133,34","120","243","247","40,62","589","74,77","2243","13833,07","2243","0","0","0","93,707","26,906","28,13","14","C:\Users\Miha\Namizje\DiplomaBenchmark\results\20260904_052953\autocannon\auth_node_run23.json","C:\Users\Miha\Namizje\DiplomaBenchmark\results\20260904_052953\docker-stats\auth_node_run23.csv"
"auth","bun","23","10","30","5","131,43","119","243","249","34,86","261","75,97","2279","13981,87","2279","0","0","0","93,538","30,664","31,64","14","C:\Users\Miha\Namizje\DiplomaBenchmark\results\20260904_052953\autocannon\auth_bun_run23.json","C:\Users\Miha\Namizje\DiplomaBenchmark\results\20260904_052953\docker-stats\auth_bun_run23.csv"
"auth","bun","24","10","30","5","132,02","120","242","251","35,11","262","75,64","2269","13920,54","2269","0","0","0","93,656","31,307","32,2","14","C:\Users\Miha\Namizje\DiplomaBenchmark\results\20260904_052953\autocannon\auth_bun_run24.json","C:\Users\Miha\Namizje\DiplomaBenchmark\results\20260904_052953\docker-stats\auth_bun_run24.csv"
"auth","node","24","10","30","5","133,37","120","244","247","40,52","587","74,84","2245","13845,34","2245","0","0","0","93,534","27,166","27,99","14","C:\Users\Miha\Namizje\DiplomaBenchmark\results\20260904_052953\autocannon\auth_node_run24.json","C:\Users\Miha\Namizje\DiplomaBenchmark\results\20260904_052953\docker-stats\auth_node_run24.csv"
"auth","node","25","10","30","5","133,76","120","244","248","39,04","435","74,6","2238","13802,4","2238","0","0","0","93,509","26,826","30,1","14","C:\Users\Miha\Namizje\DiplomaBenchmark\results\20260904_052953\autocannon\auth_node_run25.json","C:\Users\Miha\Namizje\DiplomaBenchmark\results\20260904_052953\docker-stats\auth_node_run25.csv"
"auth","bun","25","10","30","5","131,25","118","241","249","35,19","260","76,07","2282","14000,27","2282","0","0","0","93,354","31,782","32,69","14","C:\Users\Miha\Namizje\DiplomaBenchmark\results\20260904_052953\autocannon\auth_bun_run25.json","C:\Users\Miha\Namizje\DiplomaBenchmark\results\20260904_052953\docker-stats\auth_bun_run25.csv"
